"","Bird_ID","Trial","Enclosure","Object","Context","Latency_to_enter","Latency_to_Eat","Zoi_duration","Object_Type","GroupID","NestID","group_dummy","ind_dummy","Object_contrast","Context_contrast"
"1","BB_BB","1","B8","novel","group",2.2,2.9,183.666,2,"7A","2024VM08",1,0,0.5,0.5
"2","BB_BB","2","B8","novel","individual",6.234,13.833,91.9,4,NA,"2024VM08",0,1,0.5,-0.5
"3","BB_BB","3","B8","control","group",2.267,2.2,85.367,3,"7A","2024VM08",1,0,-0.5,0.5
"4","BB_BB","4","B8","control","individual",1.567,3.733,203.333,3,NA,"2024VM08",0,1,-0.5,-0.5
"5","BB_BB","5","B8","novel","group",1.067,2.733,371.5,1,"7A","2024VM08",1,0,0.5,0.5
"6","BB_BB","6","B8","novel","individual",1.233,3.7,552.2,5,NA,"2024VM08",0,1,0.5,-0.5
"7","BB_BB","7","B8","control","group",1.133,2.7,302.667,3,"7A","2024VM08",1,0,-0.5,0.5
"8","BB_BB","8","B8","control","individual",1.5,4.5,44.9,3,NA,"2024VM08",0,1,-0.5,-0.5
"9","BB_BP","1","B4","novel","group",7.48,3.48,87.32,5,"3A","2024KN04",1,0,0.5,0.5
"10","BB_BP","2","B4","novel","individual",47.533,600,2.267,1,NA,"2024KN04",0,1,0.5,-0.5
"11","BB_BP","3","B4","control","group",1.96,2.2,121.84,3,"3A","2024KN04",1,0,-0.5,0.5
"12","BB_BP","4","B4","control","individual",1.433,3.067,79.966,3,NA,"2024KN04",0,1,-0.5,-0.5
"13","BB_BP","5","B4","novel","group",1.8,3.334,27.9,4,"3A","2024KN04",1,0,0.5,0.5
"14","BB_BP","6","B4","novel","individual",2.08,4.08000000000001,454.445,2,NA,"2024KN04",0,1,0.5,-0.5
"15","BB_BP","7","B4","control","group",2.64,2.92,425.04,3,"3A","2024KN04",1,0,-0.5,0.5
"16","BB_BP","8","B4","control","individual",1.68,3.52,45.92,3,NA,"2024KN04",0,1,-0.5,-0.5
"17","BB_BY","1","B9","novel","individual",8.133,21.1,341.067,1,NA,"2024KN20",0,1,0.5,-0.5
"18","BB_BY","2","B9","control","group",2.9,3.7,130.4,4,"8A","2024KN20",1,0,-0.5,0.5
"19","BB_BY","3","B9","control","individual",3.333,5.734,659.814,4,NA,"2024KN20",0,1,-0.5,-0.5
"20","BB_BY","4","B9","novel","group",1.133,5,521.401,5,"8A","2024KN20",1,0,0.5,0.5
"21","BB_BY","5","B9","novel","individual",2.334,8.566,507.2,2,NA,"2024KN20",0,1,0.5,-0.5
"22","BB_BY","6","B9","control","group",1.266,4.067,465.866,4,"8A","2024KN20",1,0,-0.5,0.5
"23","BB_BY","7","B9","control","individual",1.734,26.933,670.773,4,NA,"2024KN20",0,1,-0.5,-0.5
"24","BB_BY","8","B9","novel","group",1.8,6.567,425.401,3,"8A","2024KN20",1,0,0.5,0.5
"25","BB_GR","1","B5","novel","individual",5.88,600,2.48,1,NA,"2024KS01",0,1,0.5,-0.5
"26","BB_GR","2","B5","control","group",1.8,2.933,40.967,4,"4A","2024KS01",1,0,-0.5,0.5
"27","BB_GR","3","B5","control","individual",2.04,2.76,69.4,4,NA,"2024KS01",0,1,-0.5,-0.5
"28","BB_GR","4","B5","novel","group",2.4,3.667,60.233,3,"4A","2024KS01",1,0,0.5,0.5
"29","BB_GR","5","B5","novel","individual",1.433,2.9,149.333,2,NA,"2024KS01",0,1,0.5,-0.5
"30","BB_GR","6","B5","control","group",1.56,2.04,110.96,4,"4A","2024KS01",1,0,-0.5,0.5
"31","BB_GR","7","B5","control","individual",1.56,2.6,70,4,NA,"2024KS01",0,1,-0.5,-0.5
"32","BB_GR","8","B5","novel","group",1.2,3.44,237.12,5,"4A","2024KS01",1,0,0.5,0.5
"33","BB_GY","1","B4","novel","group",11.36,16.8,13,5,"3B","2024OO42",1,0,0.5,0.5
"34","BB_GY","2","B4","novel","individual",1.433,600,0,1,NA,"2024OO42",0,1,0.5,-0.5
"35","BB_GY","3","B4","control","group",3.68,2.48,156,3,"3B","2024OO42",1,0,-0.5,0.5
"36","BB_GY","4","B4","control","individual",2.433,3.534,143.233,3,NA,"2024OO42",0,1,-0.5,-0.5
"37","BB_GY","5","B4","novel","group",1.666,2.567,161.833,4,"3B","2024OO42",1,0,0.5,0.5
"38","BB_GY","6","B4","novel","individual",2.04,4.76,36.28,2,NA,"2024OO42",0,1,0.5,-0.5
"39","BB_GY","7","B4","control","group",1.96,2.44,103.356,3,"3B","2024OO42",1,0,-0.5,0.5
"40","BB_GY","8","B4","control","individual",1.64,3.16,49.76,3,NA,"2024OO42",0,1,-0.5,-0.5
"41","BB_PR","1","B7","control","individual",2.6,3.034,102.867,2,NA,"2024BR02",0,1,-0.5,-0.5
"42","BB_PR","2","B7","novel","group",1.167,2.792,106.334,3,"6A","2024BR02",1,0,0.5,0.5
"43","BB_PR","3","B7","novel","individual",1.59999999999999,4.10000000000001,47.733,4,NA,"2024BR02",0,1,0.5,-0.5
"44","BB_PR","4","B7","control","group",1.367,2.566,127.067,2,"6A","2024BR02",1,0,-0.5,0.5
"45","BB_PR","5","B7","control","individual",1.16,56.32,144.88,2,NA,"2024BR02",0,1,-0.5,-0.5
"46","BB_PR","6","B7","novel","group",1.367,14.466,160.632,5,"6A","2024BR02",1,0,0.5,0.5
"47","BB_PR","7","B7","novel","individual",1.44,3.6,122.8,1,NA,"2024BR02",0,1,0.5,-0.5
"48","BB_PR","8","B7","control","group",0.866999999999999,2.733,122.734,2,"6A","2024BR02",1,0,-0.5,0.5
"49","BB_RR","1","B6","control","group",2.467,4.367,26.733,1,"5A","2024OO31",1,0,-0.5,0.5
"50","BB_RR","2","B6","control","individual",1.083,2.875,131.458,1,NA,"2024OO31",0,1,-0.5,-0.5
"51","BB_RR","3","B6","novel","group",1.2,3.534,23,2,"5A","2024OO31",1,0,0.5,0.5
"52","BB_RR","4","B6","novel","individual",1.5,3.034,63.533,3,NA,"2024OO31",0,1,0.5,-0.5
"53","BB_RR","5","B6","control","group",1.24,2.2,19.16,1,"5A","2024OO31",1,0,-0.5,0.5
"54","BB_RR","6","B6","control","individual",1.366,2.634,62.967,1,NA,"2024OO31",0,1,-0.5,-0.5
"55","BB_RR","7","B6","novel","group",2.36,3.28,17.4,4,"5A","2024OO31",1,0,0.5,0.5
"56","BB_RR","8","B6","novel","individual",1.1,3.8,50.833,5,NA,"2024OO31",0,1,0.5,-0.5
"57","BG_BP","1","B5","novel","individual",4.12,600,0,1,NA,"2024OO15",0,1,0.5,-0.5
"58","BG_BP","2","B5","control","group",2.3,2.234,36.334,4,"4B","2024OO15",1,0,-0.5,0.5
"59","BG_BP","3","B5","control","individual",1.8,3.84,71.2,4,NA,"2024OO15",0,1,-0.5,-0.5
"60","BG_BP","4","B5","novel","group",1.9,2.567,96.3000000000001,3,"4B","2024OO15",1,0,0.5,0.5
"61","BG_BP","5","B5","novel","individual",1.5,3.8,44.6,2,NA,"2024OO15",0,1,0.5,-0.5
"62","BG_BP","6","B5","control","group",1.44,2.44,173.04,4,"4B","2024OO15",1,0,-0.5,0.5
"63","BG_BP","7","B5","control","individual",1.6,4.04,67.4,4,NA,"2024OO15",0,1,-0.5,-0.5
"64","BG_BP","8","B5","novel","group",1.6,2.88,89.44,5,"4B","2024OO15",1,0,0.5,0.5
"65","BG_BR","1","B8","novel","group",9.1,3.466,54.133,2,"7B","2024MK02",1,0,0.5,0.5
"66","BG_BR","2","B8","novel","individual",6.867,10.267,78.4,4,NA,"2024MK02",0,1,0.5,-0.5
"67","BG_BR","3","B8","control","group",2.7,2.8,46.867,3,"7B","2024MK02",1,0,-0.5,0.5
"68","BG_BR","4","B8","control","individual",2.433,5.267,57.4,3,NA,"2024MK02",0,1,-0.5,-0.5
"69","BG_BR","5","B8","novel","group",2.367,50.766,46.4,1,"7B","2024MK02",1,0,0.5,0.5
"70","BG_BR","6","B8","novel","individual",4.6,21.2,61.7,5,NA,"2024MK02",0,1,0.5,-0.5
"71","BG_BR","7","B8","control","group",2.134,3.666,34.266,3,"7B","2024MK02",1,0,-0.5,0.5
"72","BG_BR","8","B8","control","individual",1.8,6.033,63.566,3,NA,"2024MK02",0,1,-0.5,-0.5
"73","BG_BY","1","B5","novel","individual",5.36,24.64,78.6,1,NA,"2024BL06",0,1,0.5,-0.5
"74","BG_BY","2","B5","control","group",2.8,3.3,126.066,4,"4A","2024BL06",1,0,-0.5,0.5
"75","BG_BY","3","B5","control","individual",2.48,6.08,366.44,4,NA,"2024BL06",0,1,-0.5,-0.5
"76","BG_BY","4","B5","novel","group",1.567,4.967,415.633,3,"4A","2024BL06",1,0,0.5,0.5
"77","BG_BY","5","B5","novel","individual",2.733,7.2,67.733,2,NA,"2024BL06",0,1,0.5,-0.5
"78","BG_BY","6","B5","control","group",2.04,3.88,149.16,4,"4A","2024BL06",1,0,-0.5,0.5
"79","BG_BY","7","B5","control","individual",2,12,242,4,NA,"2024BL06",0,1,-0.5,-0.5
"80","BG_BY","8","B5","novel","group",2.16,437.2,138.6,5,"4A","2024BL06",1,0,0.5,0.5
"81","BG_PR","1","B9","novel","individual",4.3,600,11.466,1,NA,"2024KN20",0,1,0.5,-0.5
"82","BG_PR","2","B9","control","group",4.034,3.366,59.266,4,"8A","2024KN20",1,0,-0.5,0.5
"83","BG_PR","3","B9","control","individual",2.333,6.9,76.466,4,NA,"2024KN20",0,1,-0.5,-0.5
"84","BG_PR","4","B9","novel","group",1.667,6.133,324.899,5,"8A","2024KN20",1,0,0.5,0.5
"85","BG_PR","5","B9","novel","individual",1.333,72.1,323.566,2,NA,"2024KN20",0,1,0.5,-0.5
"86","BG_PR","6","B9","control","group",1.8,8.7,150.834,4,"8A","2024KN20",1,0,-0.5,0.5
"87","BG_PR","7","B9","control","individual",1.933,13.833,319.967,4,NA,"2024KN20",0,1,-0.5,-0.5
"88","BG_PR","8","B9","novel","group",1.834,4.6,115.733,3,"8A","2024KN20",1,0,0.5,0.5
"89","BG_RR","1","B7","control","individual",3,3.633,67.133,2,NA,"2024BL10",0,1,-0.5,-0.5
"90","BG_RR","2","B7","novel","group",1.458,2.708,132.208,3,"6B","2024BL10",1,0,0.5,0.5
"91","BG_RR","3","B7","novel","individual",2.933,3.667,129.2,4,NA,"2024BL10",0,1,0.5,-0.5
"92","BG_RR","4","B7","control","group",1.334,2.733,107.867,2,"6B","2024BL10",1,0,-0.5,0.5
"93","BG_RR","5","B7","control","individual",1.68,3.84,64.24,2,NA,"2024BL10",0,1,-0.5,-0.5
"94","BG_RR","6","B7","novel","group",1.067,3.3,198.235,5,"6B","2024BL10",1,0,0.5,0.5
"95","BG_RR","7","B7","novel","individual",3.16,7.28,37.12,1,NA,"2024BL10",0,1,0.5,-0.5
"96","BG_RR","8","B7","control","group",1.767,2.067,217.633,2,"6B","2024BL10",1,0,-0.5,0.5
"97","BP_BP","1","B3","control","individual",1.3,2.867,385.328,2,NA,"2024OO16",0,1,-0.5,-0.5
"98","BP_BP","2","B3","novel","group",1.267,2.53299999999999,128.933,4,"2A","2024OO16",1,0,0.5,0.5
"99","BP_BP","3","B3","novel","individual",1.334,2.933,97.833,1,NA,"2024OO16",0,1,0.5,-0.5
"100","BP_BP","4","B3","control","group",1.167,2.166,41.467,2,"2A","2024OO16",1,0,-0.5,0.5
"101","BP_BP","5","B3","control","individual",1.234,3.633,39,2,NA,"2024OO16",0,1,-0.5,-0.5
"102","BP_BP","6","B3","novel","group",1.267,4.966,50.133,5,"2A","2024OO16",1,0,0.5,0.5
"103","BP_BP","7","B3","novel","individual",2.667,3.233,158.401,3,NA,"2024OO16",0,1,0.5,-0.5
"104","BP_BP","8","B3","control","group",1.5,2.033,175.532,2,"2A","2024OO16",1,0,-0.5,0.5
"105","BP_BY","1","B9","novel","individual",2.7,471.367,42.534,1,NA,"2024VM03",0,1,0.5,-0.5
"106","BP_BY","2","B9","control","group",3.3,3.2,7.534,4,"8A","2024VM03",1,0,-0.5,0.5
"107","BP_BY","3","B9","control","individual",2.566,6.267,41.967,4,NA,"2024VM03",0,1,-0.5,-0.5
"108","BP_BY","4","B9","novel","group",1.967,3.766,26.867,5,"8A","2024VM03",1,0,0.5,0.5
"109","BP_BY","5","B9","novel","individual",1.934,7.266,25.067,2,NA,"2024VM03",0,1,0.5,-0.5
"110","BP_BY","6","B9","control","group",1.666,2.667,47.2,4,"8A","2024VM03",1,0,-0.5,0.5
"111","BP_BY","7","B9","control","individual",1.567,4.133,38.634,4,NA,"2024VM03",0,1,-0.5,-0.5
"112","BP_BY","8","B9","novel","group",1.2,2.6,65.033,3,"8A","2024VM03",1,0,0.5,0.5
"113","BP_GG","1","B7","control","individual",4.133,3.3,123.734,2,NA,"2024VM02",0,1,-0.5,-0.5
"114","BP_GG","2","B7","novel","group",2.25,1.792,19.041,3,"6A","2024VM02",1,0,0.5,0.5
"115","BP_GG","3","B7","novel","individual",1.567,2.733,390.034,4,NA,"2024VM02",0,1,0.5,-0.5
"116","BP_GG","4","B7","control","group",1.667,2.833,86.634,2,"6A","2024VM02",1,0,-0.5,0.5
"117","BP_GG","5","B7","control","individual",1.48,2.56,90.52,2,NA,"2024VM02",0,1,-0.5,-0.5
"118","BP_GG","6","B7","novel","group",1.067,2.966,173.1,5,"6A","2024VM02",1,0,0.5,0.5
"119","BP_GG","7","B7","novel","individual",2.4,4.68,361.48,1,NA,"2024VM02",0,1,0.5,-0.5
"120","BP_GG","8","B7","control","group",0.9,2.4,78.6,2,"6A","2024VM02",1,0,-0.5,0.5
"121","BP_GP","1","B6","control","group",4.367,2.867,60.933,1,"5A","2024BL06",1,0,-0.5,0.5
"122","BP_GP","2","B6","control","individual",1.333,3.459,58.792,1,NA,"2024BL06",0,1,-0.5,-0.5
"123","BP_GP","3","B6","novel","group",2.5,3.434,87.167,2,"5A","2024BL06",1,0,0.5,0.5
"124","BP_GP","4","B6","novel","individual",1.134,7.133,17.433,3,NA,"2024BL06",0,1,0.5,-0.5
"125","BP_GP","5","B6","control","group",1.4,2.28,31.96,1,"5A","2024BL06",1,0,-0.5,0.5
"126","BP_GP","6","B6","control","individual",1.634,3.266,57.434,1,NA,"2024BL06",0,1,-0.5,-0.5
"127","BP_GP","7","B6","novel","group",1.64,2.68,418.04,4,"5A","2024BL06",1,0,0.5,0.5
"128","BP_GP","8","B6","novel","individual",1.067,4,51.867,5,NA,"2024BL06",0,1,0.5,-0.5
"129","BP_GR","1","B3","control","individual",1.267,4.766,50.2,2,NA,"2024OO37",0,1,-0.5,-0.5
"130","BP_GR","2","B3","novel","group",3.167,2.36699999999999,82.8,4,"2B","2024OO37",1,0,0.5,0.5
"131","BP_GR","3","B3","novel","individual",3.633,28.933,74.1,1,NA,"2024OO37",0,1,0.5,-0.5
"132","BP_GR","4","B3","control","group",1.766,3.234,53.766,2,"2B","2024OO37",1,0,-0.5,0.5
"133","BP_GR","5","B3","control","individual",4.90000000000001,4.16699999999999,16.834,2,NA,"2024OO37",0,1,-0.5,-0.5
"134","BP_GR","6","B3","novel","group",2.034,2.9,48.833,5,"2B","2024OO37",1,0,0.5,0.5
"135","BP_GR","7","B3","novel","individual",3.1,4.7,51.367,3,NA,"2024OO37",0,1,0.5,-0.5
"136","BP_GR","8","B3","control","group",2.1,3.967,31.133,2,"2B","2024OO37",1,0,-0.5,0.5
"137","BP_RY","1","B6","control","group",1.766,4.3,29.867,1,"5B","2024OO20",1,0,-0.5,0.5
"138","BP_RY","2","B6","control","individual",1.666,600,157.5,1,NA,"2024OO20",0,1,-0.5,-0.5
"139","BP_RY","3","B6","novel","group",1.167,5.3,13.333,2,"5B","2024OO20",1,0,0.5,0.5
"140","BP_RY","4","B6","novel","individual",1.333,100.134,77.867,3,NA,"2024OO20",0,1,0.5,-0.5
"141","BP_RY","5","B6","control","group",1.68,2.92,96.96,1,"5B","2024OO20",1,0,-0.5,0.5
"142","BP_RY","6","B6","control","individual",1.534,8.866,77.533,1,NA,"2024OO20",0,1,-0.5,-0.5
"143","BP_RY","7","B6","novel","group",1.16,239.68,361.52,4,"5B","2024OO20",1,0,0.5,0.5
"144","BP_RY","8","B6","novel","individual",0.933,50.867,58,5,NA,"2024OO20",0,1,0.5,-0.5
"145","BP_YY","1","B3","control","individual",1.433,4.96700000000001,152.434,2,NA,"2024OO37",0,1,-0.5,-0.5
"146","BP_YY","2","B3","novel","group",1.36699999999999,4.166,159.5,4,"2A","2024OO37",1,0,0.5,0.5
"147","BP_YY","3","B3","novel","individual",2.267,600,14.267,1,NA,"2024OO37",0,1,0.5,-0.5
"148","BP_YY","4","B3","control","group",1.5,2.833,37.1,2,"2A","2024OO37",1,0,-0.5,0.5
"149","BP_YY","5","B3","control","individual",1.366,3.8,145.066,2,NA,"2024OO37",0,1,-0.5,-0.5
"150","BP_YY","6","B3","novel","group",1.433,2.867,160.133,5,"2A","2024OO37",1,0,0.5,0.5
"151","BP_YY","7","B3","novel","individual",1.4,4.1,198.767,3,NA,"2024OO37",0,1,0.5,-0.5
"152","BP_YY","8","B3","control","group",1.4,2.266,60.267,2,"2A","2024OO37",1,0,-0.5,0.5
"153","BR_BP","1","B4","novel","group",8.16,4.08,65.8,5,"3B","2024DH04",1,0,0.5,0.5
"154","BR_BP","2","B4","novel","individual",7.434,4.6,62.1,1,NA,"2024DH04",0,1,0.5,-0.5
"155","BR_BP","3","B4","control","group",2.12,3,196.6,3,"3B","2024DH04",1,0,-0.5,0.5
"156","BR_BP","4","B4","control","individual",1.667,3,197.967,3,NA,"2024DH04",0,1,-0.5,-0.5
"157","BR_BP","5","B4","novel","group",1.2,3.966,77.534,4,"3B","2024DH04",1,0,0.5,0.5
"158","BR_BP","6","B4","novel","individual",2.12,4.12,74.6,2,NA,"2024DH04",0,1,0.5,-0.5
"159","BR_BP","7","B4","control","group",1.36,3.4,65.005,3,"3B","2024DH04",1,0,-0.5,0.5
"160","BR_BP","8","B4","control","individual",2.12,6.56,87.68,3,NA,"2024DH04",0,1,-0.5,-0.5
"161","BR_GR","1","B7","control","individual",4.167,4.2,169.167,2,NA,"2024VM07",0,1,-0.5,-0.5
"162","BR_GR","2","B7","novel","group",1.958,2.875,60.834,3,"6B","2024VM07",1,0,0.5,0.5
"163","BR_GR","3","B7","novel","individual",1.734,4.866,56.867,4,NA,"2024VM07",0,1,0.5,-0.5
"164","BR_GR","4","B7","control","group",1.534,3.2,53.633,2,"6B","2024VM07",1,0,-0.5,0.5
"165","BR_GR","5","B7","control","individual",2.04,5.12,103.08,2,NA,"2024VM07",0,1,-0.5,-0.5
"166","BR_GR","6","B7","novel","group",1.633,3.134,144.366,5,"6B","2024VM07",1,0,0.5,0.5
"167","BR_GR","7","B7","novel","individual",1.36,600,19.8,1,NA,"2024VM07",0,1,0.5,-0.5
"168","BR_GR","8","B7","control","group",1.067,2.633,249.966,2,"6B","2024VM07",1,0,-0.5,0.5
"169","BR_GY","1","B3","control","individual",1.2,3.3,116.5,2,NA,"2024OO25",0,1,-0.5,-0.5
"170","BR_GY","2","B3","novel","group",2.40000000000001,2.267,415.767,4,"2A","2024OO25",1,0,0.5,0.5
"171","BR_GY","3","B3","novel","individual",1.467,2.9,41.866,1,NA,"2024OO25",0,1,0.5,-0.5
"172","BR_GY","4","B3","control","group",1.4,2.567,235.102,2,"2A","2024OO25",1,0,-0.5,0.5
"173","BR_GY","5","B3","control","individual",1.666,5.3,76.767,2,NA,"2024OO25",0,1,-0.5,-0.5
"174","BR_GY","6","B3","novel","group",1.967,3.433,67.867,5,"2A","2024OO25",1,0,0.5,0.5
"175","BR_GY","7","B3","novel","individual",1.2,4.2,78.667,3,NA,"2024OO25",0,1,0.5,-0.5
"176","BR_GY","8","B3","control","group",2.066,2,190.333,2,"2A","2024OO25",1,0,-0.5,0.5
"177","BR_PP","1","B2","control","group",4.29999999999998,2.833,419.241,1,"1A","2024OO25",1,0,-0.5,0.5
"178","BR_PP","2","B2","control","individual",16.7,7.433,451.133,1,NA,"2024OO25",0,1,-0.5,-0.5
"179","BR_PP","3","B2","novel","group",2.267,2.7,269.999,4,"1A","2024OO25",1,0,0.5,0.5
"180","BR_PP","4","B2","novel","individual",1.40000000000001,3.9,102.866,3,NA,"2024OO25",0,1,0.5,-0.5
"181","BR_PP","5","B2","control","group",1.533,2.09999999999999,160.067,1,"1A","2024OO25",1,0,-0.5,0.5
"182","BR_PP","6","B2","control","individual",1.2,7.933,317.834,1,NA,"2024OO25",0,1,-0.5,-0.5
"183","BR_PP","7","B2","novel","group",1.20000000000002,2.79999999999998,378.304,2,"1A","2024OO25",1,0,0.5,0.5
"184","BR_PP","8","B2","novel","individual",2.2,16.233,228.2,5,NA,"2024OO25",0,1,0.5,-0.5
"185","BY_BP","1","B2","control","group",5.09999999999999,2.36699999999999,171.034,1,"1A","2024KN01",1,0,-0.5,0.5
"186","BY_BP","2","B2","control","individual",1.733,3.467,306.4,1,NA,"2024KN01",0,1,-0.5,-0.5
"187","BY_BP","3","B2","novel","group",2.633,2.03400000000001,465.001,4,"1A","2024KN01",1,0,0.5,0.5
"188","BY_BP","4","B2","novel","individual",2.033,2.867,99.833,3,NA,"2024KN01",0,1,0.5,-0.5
"189","BY_BP","5","B2","control","group",2.06699999999999,3.13300000000001,8.46599999999999,1,"1A","2024KN01",1,0,-0.5,0.5
"190","BY_BP","6","B2","control","individual",2.834,4.266,15.7,1,NA,"2024KN01",0,1,-0.5,-0.5
"191","BY_BP","7","B2","novel","group",2.26700000000002,2.46599999999998,39.766,2,"1A","2024KN01",1,0,0.5,0.5
"192","BY_BP","8","B2","novel","individual",1.9,4.533,29.267,5,NA,"2024KN01",0,1,0.5,-0.5
"193","BY_PR","1","B5","novel","individual",14.24,9.8,42.305,1,NA,"2024OO15",0,1,0.5,-0.5
"194","BY_PR","2","B5","control","group",3.1,2.366,38.4,4,"4A","2024OO15",1,0,-0.5,0.5
"195","BY_PR","3","B5","control","individual",2.16,3.44,56.64,4,NA,"2024OO15",0,1,-0.5,-0.5
"196","BY_PR","4","B5","novel","group",1.467,2.2,87.666,3,"4A","2024OO15",1,0,0.5,0.5
"197","BY_PR","5","B5","novel","individual",1.133,3.067,56.367,2,NA,"2024OO15",0,1,0.5,-0.5
"198","BY_PR","6","B5","control","group",1.28,2.04,83.4,4,"4A","2024OO15",1,0,-0.5,0.5
"199","BY_PR","7","B5","control","individual",1.4,3.44,295.4,4,NA,"2024OO15",0,1,-0.5,-0.5
"200","BY_PR","8","B5","novel","group",1.48,3.36,161.92,5,"4A","2024OO15",1,0,0.5,0.5
"201","BY_PY","1","B6","control","group",4.267,20.5,305.701,1,"5A","2024DH03",1,0,-0.5,0.5
"202","BY_PY","2","B6","control","individual",9.875,66.125,177.75,1,NA,"2024DH03",0,1,-0.5,-0.5
"203","BY_PY","3","B6","novel","group",2.034,4.033,287.038,2,"5A","2024DH03",1,0,0.5,0.5
"204","BY_PY","4","B6","novel","individual",1.1,600,0,3,NA,"2024DH03",0,1,0.5,-0.5
"205","BY_PY","5","B6","control","group",2.4,4.08,101.92,1,"5A","2024DH03",1,0,-0.5,0.5
"206","BY_PY","6","B6","control","individual",1.333,5.433,80.067,1,NA,"2024DH03",0,1,-0.5,-0.5
"207","BY_PY","7","B6","novel","group",1.8,11,371.2,4,"5A","2024DH03",1,0,0.5,0.5
"208","BY_PY","8","B6","novel","individual",2.367,17.733,105.768,5,NA,"2024DH03",0,1,0.5,-0.5
"209","BY_RR","1","B7","control","individual",17.634,4.033,373.233,2,NA,"2024OO50",0,1,-0.5,-0.5
"210","BY_RR","2","B7","novel","group",3.208,2.125,79.667,3,"6B","2024OO50",1,0,0.5,0.5
"211","BY_RR","3","B7","novel","individual",1.733,4.5,139.967,4,NA,"2024OO50",0,1,0.5,-0.5
"212","BY_RR","4","B7","control","group",2.5,3.3,82.767,2,"6B","2024OO50",1,0,-0.5,0.5
"213","BY_RR","5","B7","control","individual",1.68,4.76,82.68,2,NA,"2024OO50",0,1,-0.5,-0.5
"214","BY_RR","6","B7","novel","group",2.5,2.133,361.119,5,"6B","2024OO50",1,0,0.5,0.5
"215","BY_RR","7","B7","novel","individual",2.52,6.36,38.72,1,NA,"2024OO50",0,1,0.5,-0.5
"216","BY_RR","8","B7","control","group",1.067,3.233,313.034,2,"6B","2024OO50",1,0,-0.5,0.5
"217","GG_BG","1","B6","control","group",2.6,2.866,21.433,1,"5B","2024OO31",1,0,-0.5,0.5
"218","GG_BG","2","B6","control","individual",3.292,3.375,29.541,1,NA,"2024OO31",0,1,-0.5,-0.5
"219","GG_BG","3","B6","novel","group",2.2,3.4,12.5,2,"5B","2024OO31",1,0,0.5,0.5
"220","GG_BG","4","B6","novel","individual",1.4,5.6,61.3,3,NA,"2024OO31",0,1,0.5,-0.5
"221","GG_BG","5","B6","control","group",1.44,3.04,9.56,1,"5B","2024OO31",1,0,-0.5,0.5
"222","GG_BG","6","B6","control","individual",0.967,3.233,19.834,1,NA,"2024OO31",0,1,-0.5,-0.5
"223","GG_BG","7","B6","novel","group",1.28,2.12,335.12,4,"5B","2024OO31",1,0,0.5,0.5
"224","GG_BG","8","B6","novel","individual",1.734,165.066,49.6,5,NA,"2024OO31",0,1,0.5,-0.5
"225","GG_BR","1","B7","control","individual",2.367,2.367,53.067,2,NA,"2024BL10",0,1,-0.5,-0.5
"226","GG_BR","2","B7","novel","group",1.542,2.417,27.208,3,"6A","2024BL10",1,0,0.5,0.5
"227","GG_BR","3","B7","novel","individual",1.9,3,37.4,4,NA,"2024BL10",0,1,0.5,-0.5
"228","GG_BR","4","B7","control","group",1.867,2.166,23.967,2,"6A","2024BL10",1,0,-0.5,0.5
"229","GG_BR","5","B7","control","individual",1.68,3.16,64.28,2,NA,"2024BL10",0,1,-0.5,-0.5
"230","GG_BR","6","B7","novel","group",1.667,3.366,153.166,5,"6A","2024BL10",1,0,0.5,0.5
"231","GG_BR","7","B7","novel","individual",1.16,3.16,45.2,1,NA,"2024BL10",0,1,0.5,-0.5
"232","GG_BR","8","B7","control","group",1.5,2.3,85.567,2,"6A","2024BL10",1,0,-0.5,0.5
"233","GG_BY","1","B7","control","individual",1.833,5.9,181.3,2,NA,"2024VM08",0,1,-0.5,-0.5
"234","GG_BY","2","B7","novel","group",2.833,2.875,103,3,"6B","2024VM08",1,0,0.5,0.5
"235","GG_BY","3","B7","novel","individual",1.7,7,37.267,4,NA,"2024VM08",0,1,0.5,-0.5
"236","GG_BY","4","B7","control","group",1.267,4.167,130.433,2,"6B","2024VM08",1,0,-0.5,0.5
"237","GG_BY","5","B7","control","individual",2.04,6.16,48.48,2,NA,"2024VM08",0,1,-0.5,-0.5
"238","GG_BY","6","B7","novel","group",1.433,3.3,137.267,5,"6B","2024VM08",1,0,0.5,0.5
"239","GG_BY","7","B7","novel","individual",2.08,6.48,36.12,1,NA,"2024VM08",0,1,0.5,-0.5
"240","GG_BY","8","B7","control","group",1.534,2.233,181.333,2,"6B","2024VM08",1,0,-0.5,0.5
"241","GG_GY","1","B8","novel","group",5.233,4.2,52.466,2,"7B","2024DH06",1,0,0.5,0.5
"242","GG_GY","2","B8","novel","individual",6.567,4.5,195.633,4,NA,"2024DH06",0,1,0.5,-0.5
"243","GG_GY","3","B8","control","group",1.9,2.733,73.566,3,"7B","2024DH06",1,0,-0.5,0.5
"244","GG_GY","4","B8","control","individual",1.733,3.267,89.833,3,NA,"2024DH06",0,1,-0.5,-0.5
"245","GG_GY","5","B8","novel","group",1.267,3.133,73.134,1,"7B","2024DH06",1,0,0.5,0.5
"246","GG_GY","6","B8","novel","individual",1.466,5.6,111.8,5,NA,"2024DH06",0,1,0.5,-0.5
"247","GG_GY","7","B8","control","group",1.1,3.2,55.2,3,"7B","2024DH06",1,0,-0.5,0.5
"248","GG_GY","8","B8","control","individual",1.633,4.967,155.9,3,NA,"2024DH06",0,1,-0.5,-0.5
"249","GG_PR","1","B8","novel","group",5.2,2.333,30.933,2,"7A","2024OO50",1,0,0.5,0.5
"250","GG_PR","2","B8","novel","individual",600,600,0,4,NA,"2024OO50",0,1,0.5,-0.5
"251","GG_PR","3","B8","control","group",1.667,2.167,54.467,3,"7A","2024OO50",1,0,-0.5,0.5
"252","GG_PR","4","B8","control","individual",2.1,6.833,49.433,3,NA,"2024OO50",0,1,-0.5,-0.5
"253","GG_PR","5","B8","novel","group",1.633,4.267,126.366,1,"7A","2024OO50",1,0,0.5,0.5
"254","GG_PR","6","B8","novel","individual",1.266,3.6,49.366,5,NA,"2024OO50",0,1,0.5,-0.5
"255","GG_PR","7","B8","control","group",1.833,2.9,104.5,3,"7A","2024OO50",1,0,-0.5,0.5
"256","GG_PR","8","B8","control","individual",1.2,5.634,33.567,3,NA,"2024OO50",0,1,-0.5,-0.5
"257","GP_BB","1","B9","novel","individual",4.233,148.567,41.233,1,NA,"2024KN18",0,1,0.5,-0.5
"258","GP_BB","2","B9","control","group",2.867,3.6,20.833,4,"8A","2024KN18",1,0,-0.5,0.5
"259","GP_BB","3","B9","control","individual",2.8,5.267,116.834,4,NA,"2024KN18",0,1,-0.5,-0.5
"260","GP_BB","4","B9","novel","group",1.233,4,66.2,5,"8A","2024KN18",1,0,0.5,0.5
"261","GP_BB","5","B9","novel","individual",2.666,8.867,74.167,2,NA,"2024KN18",0,1,0.5,-0.5
"262","GP_BB","6","B9","control","group",2.433,3.567,24.933,4,"8A","2024KN18",1,0,-0.5,0.5
"263","GP_BB","7","B9","control","individual",2.233,5.833,52.034,4,NA,"2024KN18",0,1,-0.5,-0.5
"264","GP_BB","8","B9","novel","group",1.067,4.8,57.799,3,"8A","2024KN18",1,0,0.5,0.5
"265","GP_BR","1","B4","novel","group",6.76,4.32,51.04,5,"3A","2024DH04",1,0,0.5,0.5
"266","GP_BR","2","B4","novel","individual",3.167,4.867,48,1,NA,"2024DH04",0,1,0.5,-0.5
"267","GP_BR","3","B4","control","group",2.44,2.52,45.84,3,"3A","2024DH04",1,0,-0.5,0.5
"268","GP_BR","4","B4","control","individual",1.367,2.933,104.3,3,NA,"2024DH04",0,1,-0.5,-0.5
"269","GP_BR","5","B4","novel","group",2.767,2.767,226.334,4,"3A","2024DH04",1,0,0.5,0.5
"270","GP_BR","6","B4","novel","individual",1.8,2.96,573.68,2,NA,"2024DH04",0,1,0.5,-0.5
"271","GP_BR","7","B4","control","group",2.52,2.36,147.12,3,"3A","2024DH04",1,0,-0.5,0.5
"272","GP_BR","8","B4","control","individual",1.4,3.32,319.88,3,NA,"2024DH04",0,1,-0.5,-0.5
"273","GR_BB","1","B6","control","group",3.3,4.867,315.331,1,"5A","2024KN03",1,0,-0.5,0.5
"274","GR_BB","2","B6","control","individual",1.375,7.625,152.667,1,NA,"2024KN03",0,1,-0.5,-0.5
"275","GR_BB","3","B6","novel","group",3.834,19.333,447.433,2,"5A","2024KN03",1,0,0.5,0.5
"276","GR_BB","4","B6","novel","individual",1.533,600,15.7,3,NA,"2024KN03",0,1,0.5,-0.5
"277","GR_BB","5","B6","control","group",3.12,16.2,315.84,1,"5A","2024KN03",1,0,-0.5,0.5
"278","GR_BB","6","B6","control","individual",3.866,600,0,1,NA,"2024KN03",0,1,-0.5,-0.5
"279","GR_BB","7","B6","novel","group",1.28,72.8,420.2,4,"5A","2024KN03",1,0,0.5,0.5
"280","GR_BB","8","B6","novel","individual",1.9,367.366,41.166,5,NA,"2024KN03",0,1,0.5,-0.5
"281","GR_BY","1","B3","control","individual",2.7,5.867,33.099,2,NA,"2024OO14",0,1,-0.5,-0.5
"282","GR_BY","2","B3","novel","group",2.334,3.3,45.366,4,"2B","2024OO14",1,0,0.5,0.5
"283","GR_BY","3","B3","novel","individual",2.166,4.567,46.367,1,NA,"2024OO14",0,1,0.5,-0.5
"284","GR_BY","4","B3","control","group",1.366,2.834,33.134,2,"2B","2024OO14",1,0,-0.5,0.5
"285","GR_BY","5","B3","control","individual",1.533,5.667,38.7,2,NA,"2024OO14",0,1,-0.5,-0.5
"286","GR_BY","6","B3","novel","group",2,2.734,15.2,5,"2B","2024OO14",1,0,0.5,0.5
"287","GR_BY","7","B3","novel","individual",1.90000000000001,5.767,29.733,3,NA,"2024OO14",0,1,0.5,-0.5
"288","GR_BY","8","B3","control","group",2.6,3.533,123.681,2,"2B","2024OO14",1,0,-0.5,0.5
"289","GR_GP","1","B3","control","individual",5.867,8.833,32.333,2,NA,"2024KN01",0,1,-0.5,-0.5
"290","GR_GP","2","B3","novel","group",3.7,2.3,28.033,4,"2B","2024KN01",1,0,0.5,0.5
"291","GR_GP","3","B3","novel","individual",33.966,600,0,1,NA,"2024KN01",0,1,0.5,-0.5
"292","GR_GP","4","B3","control","group",1.833,2.3,165,2,"2B","2024KN01",1,0,-0.5,0.5
"293","GR_GP","5","B3","control","individual",10.466,7.767,41,2,NA,"2024KN01",0,1,-0.5,-0.5
"294","GR_GP","6","B3","novel","group",2.467,600,0,5,"2B","2024KN01",1,0,0.5,0.5
"295","GR_GP","7","B3","novel","individual",494.567,600,0,3,NA,"2024KN01",0,1,0.5,-0.5
"296","GR_GP","8","B3","control","group",1.867,2.9,147.467,2,"2B","2024KN01",1,0,-0.5,0.5
"297","GR_GR","1","B6","control","group",1.5,3.666,65.9,1,"5B","2024BL04",1,0,-0.5,0.5
"298","GR_GR","2","B6","control","individual",1.417,5.375,456.499,1,NA,"2024BL04",0,1,-0.5,-0.5
"299","GR_GR","3","B6","novel","group",2.2,2.2,72.7,2,"5B","2024BL04",1,0,0.5,0.5
"300","GR_GR","4","B6","novel","individual",1,2.8,4.433,3,NA,"2024BL04",0,1,0.5,-0.5
"301","GR_GR","5","B6","control","group",2.68,2.52,48.6,1,"5B","2024BL04",1,0,-0.5,0.5
"302","GR_GR","6","B6","control","individual",2,3.567,15.1,1,NA,"2024BL04",0,1,-0.5,-0.5
"303","GR_GR","7","B6","novel","group",1.68,2.32,11.72,4,"5B","2024BL04",1,0,0.5,0.5
"304","GR_GR","8","B6","novel","individual",1.067,33.167,54.5,5,NA,"2024BL04",0,1,0.5,-0.5
"305","GR_PP","1","B2","control","group",9.40000000000001,3.09999999999999,340.666,1,"1B","2024OO09",1,0,-0.5,0.5
"306","GR_PP","2","B2","control","individual",6,4.5,560.066,1,NA,"2024OO09",0,1,-0.5,-0.5
"307","GR_PP","3","B2","novel","group",2,4.83300000000001,175.201,4,"1B","2024OO09",1,0,0.5,0.5
"308","GR_PP","4","B2","novel","individual",2.366,5.4,35.4,3,NA,"2024OO09",0,1,0.5,-0.5
"309","GR_PP","5","B2","control","group",2.634,3.1,84.134,1,"1B","2024OO09",1,0,-0.5,0.5
"310","GR_PP","6","B2","control","individual",1.4,4.067,595.233,1,NA,"2024OO09",0,1,-0.5,-0.5
"311","GR_PP","7","B2","novel","group",1.333,2.367,484.692,2,"1B","2024OO09",1,0,0.5,0.5
"312","GR_PP","8","B2","novel","individual",1.267,10.6,35.1,5,NA,"2024OO09",0,1,0.5,-0.5
"313","GY_BG","1","B6","control","group",1.666,3.734,148.133,1,"5B","2024VM01",1,0,-0.5,0.5
"314","GY_BG","2","B6","control","individual",6.375,6.25,273.458,1,NA,"2024VM01",0,1,-0.5,-0.5
"315","GY_BG","3","B6","novel","group",2.067,3.833,80,2,"5B","2024VM01",1,0,0.5,0.5
"316","GY_BG","4","B6","novel","individual",4.533,600,0,3,NA,"2024VM01",0,1,0.5,-0.5
"317","GY_BG","5","B6","control","group",2.12,3.16,77.72,1,"5B","2024VM01",1,0,-0.5,0.5
"318","GY_BG","6","B6","control","individual",2.067,4.233,88.667,1,NA,"2024VM01",0,1,-0.5,-0.5
"319","GY_BG","7","B6","novel","group",1.68,2.68,480.64,4,"5B","2024VM01",1,0,0.5,0.5
"320","GY_BG","8","B6","novel","individual",1.634,41.166,71.366,5,NA,"2024VM01",0,1,0.5,-0.5
"321","GY_BY","1","B2","control","group",6.133,4.367,314.333,1,"1B","2024OO19",1,0,-0.5,0.5
"322","GY_BY","2","B2","control","individual",5.9,6.4,468.268,1,NA,"2024OO19",0,1,-0.5,-0.5
"323","GY_BY","3","B2","novel","group",1.767,3.7,653.769,4,"1B","2024OO19",1,0,0.5,0.5
"324","GY_BY","4","B2","novel","individual",4.734,600,0,3,NA,"2024OO19",0,1,0.5,-0.5
"325","GY_BY","5","B2","control","group",2.134,2.566,100.8,1,"1B","2024OO19",1,0,-0.5,0.5
"326","GY_BY","6","B2","control","individual",1.4,3.567,165.967,1,NA,"2024OO19",0,1,-0.5,-0.5
"327","GY_BY","7","B2","novel","group",2.2,2.333,516.129,2,"1B","2024OO19",1,0,0.5,0.5
"328","GY_BY","8","B2","novel","individual",3.933,16.167,17.167,5,NA,"2024OO19",0,1,0.5,-0.5
"329","GY_GP","1","B7","control","individual",2.5,4.7,104.366,2,NA,"2024DH02",0,1,-0.5,-0.5
"330","GY_GP","2","B7","novel","group",2.584,2.583,22.416,3,"6A","2024DH02",1,0,0.5,0.5
"331","GY_GP","3","B7","novel","individual",2.866,600,21.28,4,NA,"2024DH02",0,1,0.5,-0.5
"332","GY_GP","4","B7","control","group",2.2,1.967,30.666,2,"6A","2024DH02",1,0,-0.5,0.5
"333","GY_GP","5","B7","control","individual",1.64,4.24,53.4,2,NA,"2024DH02",0,1,-0.5,-0.5
"334","GY_GP","6","B7","novel","group",1.567,2.333,54.733,5,"6A","2024DH02",1,0,0.5,0.5
"335","GY_GP","7","B7","novel","individual",4.36,6.88,94.88,1,NA,"2024DH02",0,1,0.5,-0.5
"336","GY_GP","8","B7","control","group",1.334,2.4,68.9,2,"6A","2024DH02",1,0,-0.5,0.5
"337","GY_PP","1","B4","novel","group",7.92,3.36,33.08,5,"3B","2024OO32",1,0,0.5,0.5
"338","GY_PP","2","B4","novel","individual",1.834,3.566,45.733,1,NA,"2024OO32",0,1,0.5,-0.5
"339","GY_PP","3","B4","control","group",2.04,2.56,39,3,"3B","2024OO32",1,0,-0.5,0.5
"340","GY_PP","4","B4","control","individual",2.233,2.7,45.867,3,NA,"2024OO32",0,1,-0.5,-0.5
"341","GY_PP","5","B4","novel","group",1.533,2.233,58.8,4,"3B","2024OO32",1,0,0.5,0.5
"342","GY_PP","6","B4","novel","individual",1.68,3.32,58.56,2,NA,"2024OO32",0,1,0.5,-0.5
"343","GY_PP","7","B4","control","group",1.24,2.24,81.48,3,"3B","2024OO32",1,0,-0.5,0.5
"344","GY_PP","8","B4","control","individual",1.2,3.08,122.28,3,NA,"2024OO32",0,1,-0.5,-0.5
"345","GY_PR","1","B2","control","group",6.3,4.433,289.367,1,"1B","2024OO05",1,0,-0.5,0.5
"346","GY_PR","2","B2","control","individual",1.40000000000001,3.09999999999999,467.766,1,NA,"2024OO05",0,1,-0.5,-0.5
"347","GY_PR","3","B2","novel","group",2.40000000000001,2.867,433.04,4,"1B","2024OO05",1,0,0.5,0.5
"348","GY_PR","4","B2","novel","individual",0.966999999999999,3.933,162.933,3,NA,"2024OO05",0,1,0.5,-0.5
"349","GY_PR","5","B2","control","group",1.567,3.267,28.3,1,"1B","2024OO05",1,0,-0.5,0.5
"350","GY_PR","6","B2","control","individual",1.434,3.733,166.334,1,NA,"2024OO05",0,1,-0.5,-0.5
"351","GY_PR","7","B2","novel","group",2.133,2.4,476.232,2,"1B","2024OO05",1,0,0.5,0.5
"352","GY_PR","8","B2","novel","individual",1.4,5.767,178.367,5,NA,"2024OO05",0,1,0.5,-0.5
"353","GY_RR","1","B6","control","group",3,4.066,20.9,1,"5B","2024DH03",1,0,-0.5,0.5
"354","GY_RR","2","B6","control","individual",1.167,4.208,33.625,1,NA,"2024DH03",0,1,-0.5,-0.5
"355","GY_RR","3","B6","novel","group",3.167,3.9,70.333,2,"5B","2024DH03",1,0,0.5,0.5
"356","GY_RR","4","B6","novel","individual",1.2,600,0,3,NA,"2024DH03",0,1,0.5,-0.5
"357","GY_RR","5","B6","control","group",2.2,2.36,29.56,1,"5B","2024DH03",1,0,-0.5,0.5
"358","GY_RR","6","B6","control","individual",2.067,2.933,48.4,1,NA,"2024DH03",0,1,-0.5,-0.5
"359","GY_RR","7","B6","novel","group",1.76,4.08,523.32,4,"5B","2024DH03",1,0,0.5,0.5
"360","GY_RR","8","B6","novel","individual",1.433,600,0,5,NA,"2024DH03",0,1,0.5,-0.5
"361","GY_RY","1","B4","novel","group",7.52,4.48,36.48,5,"3A","2024OO42",1,0,0.5,0.5
"362","GY_RY","2","B4","novel","individual",4,5.333,36.866,1,NA,"2024OO42",0,1,0.5,-0.5
"363","GY_RY","3","B4","control","group",1.56,2.64,249.08,3,"3A","2024OO42",1,0,-0.5,0.5
"364","GY_RY","4","B4","control","individual",1.434,2.266,101.866,3,NA,"2024OO42",0,1,-0.5,-0.5
"365","GY_RY","5","B4","novel","group",1.8,2.734,24.234,4,"3A","2024OO42",1,0,0.5,0.5
"366","GY_RY","6","B4","novel","individual",1.8,3.92,34.64,2,NA,"2024OO42",0,1,0.5,-0.5
"367","GY_RY","7","B4","control","group",1.8,3.72,386.32,3,"3A","2024OO42",1,0,-0.5,0.5
"368","GY_RY","8","B4","control","individual",1.8,3.88,143.84,3,NA,"2024OO42",0,1,-0.5,-0.5
"369","PP_BB","1","B2","control","group",2.333,2.934,231.401,1,"1A","2024OO19",1,0,-0.5,0.5
"370","PP_BB","2","B2","control","individual",1.733,2.567,399.2,1,NA,"2024OO19",0,1,-0.5,-0.5
"371","PP_BB","3","B2","novel","group",2.167,2.533,324.899,4,"1A","2024OO19",1,0,0.5,0.5
"372","PP_BB","4","B2","novel","individual",1.434,2.966,57.5,3,NA,"2024OO19",0,1,0.5,-0.5
"373","PP_BB","5","B2","control","group",1.467,2.26600000000001,30.966,1,"1A","2024OO19",1,0,-0.5,0.5
"374","PP_BB","6","B2","control","individual",1.366,3.3,169.666,1,NA,"2024OO19",0,1,-0.5,-0.5
"375","PP_BB","7","B2","novel","group",1.26700000000002,2.666,50.933,2,"1A","2024OO19",1,0,0.5,0.5
"376","PP_BB","8","B2","novel","individual",1.1,3.3,38.033,5,NA,"2024OO19",0,1,0.5,-0.5
"377","PP_GP","1","B9","novel","individual",3.633,19.867,28.966,1,NA,"2024BL08",0,1,0.5,-0.5
"378","PP_GP","2","B9","control","group",3.567,3.233,25.8,4,"8A","2024BL08",1,0,-0.5,0.5
"379","PP_GP","3","B9","control","individual",2.5,6.834,36.1,4,NA,"2024BL08",0,1,-0.5,-0.5
"380","PP_GP","4","B9","novel","group",1.167,4.033,347.834,5,"8A","2024BL08",1,0,0.5,0.5
"381","PP_GP","5","B9","novel","individual",1.566,6.6,487.801,2,NA,"2024BL08",0,1,0.5,-0.5
"382","PP_GP","6","B9","control","group",1.666,3.234,49.2,4,"8A","2024BL08",1,0,-0.5,0.5
"383","PP_GP","7","B9","control","individual",2.2,6.7,310.201,4,NA,"2024BL08",0,1,-0.5,-0.5
"384","PP_GP","8","B9","novel","group",1.3,3.3,77.599,3,"8A","2024BL08",1,0,0.5,0.5
"385","PP_GY","1","B4","novel","group",27.92,600,0,5,"3B","2024BR01",1,0,0.5,0.5
"386","PP_GY","2","B4","novel","individual",81.567,600,0,1,NA,"2024BR01",0,1,0.5,-0.5
"387","PP_GY","3","B4","control","group",6.44,3.48,131.44,3,"3B","2024BR01",1,0,-0.5,0.5
"388","PP_GY","4","B4","control","individual",8.133,5.267,54.3,3,NA,"2024BR01",0,1,-0.5,-0.5
"389","PP_GY","5","B4","novel","group",2.866,4.467,31.733,4,"3B","2024BR01",1,0,0.5,0.5
"390","PP_GY","6","B4","novel","individual",4.08,600,14.12,2,NA,"2024BR01",0,1,0.5,-0.5
"391","PP_GY","7","B4","control","group",2.56,6.92,14.7599999999999,3,"3B","2024BR01",1,0,-0.5,0.5
"392","PP_GY","8","B4","control","individual",1.52,15.76,36.96,3,NA,"2024BR01",0,1,-0.5,-0.5
"393","PP_RY","1","B5","novel","individual",3.88,600,0,1,NA,"2024BL09",0,1,0.5,-0.5
"394","PP_RY","2","B5","control","group",2.933,2.467,106.967,4,"4A","2024BL09",1,0,-0.5,0.5
"395","PP_RY","3","B5","control","individual",2.68,4.64,76.96,4,NA,"2024BL09",0,1,-0.5,-0.5
"396","PP_RY","4","B5","novel","group",2.234,2.066,164.967,3,"4A","2024BL09",1,0,0.5,0.5
"397","PP_RY","5","B5","novel","individual",3.134,8.133,101.8,2,NA,"2024BL09",0,1,0.5,-0.5
"398","PP_RY","6","B5","control","group",1.76,2.48,50.8,4,"4A","2024BL09",1,0,-0.5,0.5
"399","PP_RY","7","B5","control","individual",1.88,6.4,10.08,4,NA,"2024BL09",0,1,-0.5,-0.5
"400","PP_RY","8","B5","novel","group",1.8,3.6,342.32,5,"4A","2024BL09",1,0,0.5,0.5
"401","PR_BP","1","B8","novel","group",2.066,2.534,96.834,2,"7A","2024OO41",1,0,0.5,0.5
"402","PR_BP","2","B8","novel","individual",0.966999999999999,2.233,88.967,4,NA,"2024OO41",0,1,0.5,-0.5
"403","PR_BP","3","B8","control","group",0.899999999999999,2.267,22.6,3,"7A","2024OO41",1,0,-0.5,0.5
"404","PR_BP","4","B8","control","individual",0.933999999999999,2.9,153.866,3,NA,"2024OO41",0,1,-0.5,-0.5
"405","PR_BP","5","B8","novel","group",0.933,2.834,114.699,1,"7A","2024OO41",1,0,0.5,0.5
"406","PR_BP","6","B8","novel","individual",0.800000000000001,2.266,258.4,5,NA,"2024OO41",0,1,0.5,-0.5
"407","PR_BP","7","B8","control","group",1.3,2.333,140.334,3,"7A","2024OO41",1,0,-0.5,0.5
"408","PR_BP","8","B8","control","individual",0.933,4.834,26.2,3,NA,"2024OO41",0,1,-0.5,-0.5
"409","PR_GG","1","B5","novel","individual",390.6,600,0,1,NA,"2024BL09",0,1,0.5,-0.5
"410","PR_GG","2","B5","control","group",2.867,2.767,15.8,4,"4B","2024BL09",1,0,-0.5,0.5
"411","PR_GG","3","B5","control","individual",2.48,3.32,155.76,4,NA,"2024BL09",0,1,-0.5,-0.5
"412","PR_GG","4","B5","novel","group",2.5,3.3,116.367,3,"4B","2024BL09",1,0,0.5,0.5
"413","PR_GG","5","B5","novel","individual",1.967,7.967,91.8,2,NA,"2024BL09",0,1,0.5,-0.5
"414","PR_GG","6","B5","control","group",1.8,2.84,36.72,4,"4B","2024BL09",1,0,-0.5,0.5
"415","PR_GG","7","B5","control","individual",2.84,5.96,86.2,4,NA,"2024BL09",0,1,-0.5,-0.5
"416","PR_GG","8","B5","novel","group",1.56,2.52,258.24,5,"4B","2024BL09",1,0,0.5,0.5
"417","PR_RR","1","B8","novel","group",3.766,2.334,309.933,2,"7A","2024DH05",1,0,0.5,0.5
"418","PR_RR","2","B8","novel","individual",5.8,5.533,90.333,4,NA,"2024DH05",0,1,0.5,-0.5
"419","PR_RR","3","B8","control","group",2.067,1.933,85.1,3,"7A","2024DH05",1,0,-0.5,0.5
"420","PR_RR","4","B8","control","individual",2.167,6,209.167,3,NA,"2024DH05",0,1,-0.5,-0.5
"421","PR_RR","5","B8","novel","group",1.467,4.666,260,1,"7A","2024DH05",1,0,0.5,0.5
"422","PR_RR","6","B8","novel","individual",1.267,5.4,354.467,5,NA,"2024DH05",0,1,0.5,-0.5
"423","PR_RR","7","B8","control","group",2.5,4,90.967,3,"7A","2024DH05",1,0,-0.5,0.5
"424","PR_RR","8","B8","control","individual",2.067,6.866,148.434,3,NA,"2024DH05",0,1,-0.5,-0.5
"425","PR_RY","1","B5","novel","individual",6.64,3.52,25.12,1,NA,"2024OO32",0,1,0.5,-0.5
"426","PR_RY","2","B5","control","group",1.6,2.5,61.333,4,"4B","2024OO32",1,0,-0.5,0.5
"427","PR_RY","3","B5","control","individual",2.08,2.48,64.32,4,NA,"2024OO32",0,1,-0.5,-0.5
"428","PR_RY","4","B5","novel","group",2.533,2.167,101.501,3,"4B","2024OO32",1,0,0.5,0.5
"429","PR_RY","5","B5","novel","individual",1.433,2.867,135.09,2,NA,"2024OO32",0,1,0.5,-0.5
"430","PR_RY","6","B5","control","group",1.4,2.08,47.88,4,"4B","2024OO32",1,0,-0.5,0.5
"431","PR_RY","7","B5","control","individual",1.88,3.48,88.72,4,NA,"2024OO32",0,1,-0.5,-0.5
"432","PR_RY","8","B5","novel","group",1.08,2.08,179.96,5,"4B","2024OO32",1,0,0.5,0.5
"433","PY_BP","1","B3","control","individual",3.067,3.933,325.767,2,NA,"2024DH01",0,1,-0.5,-0.5
"434","PY_BP","2","B3","novel","group",2.29999999999998,1.833,524.73,4,"2A","2024DH01",1,0,0.5,0.5
"435","PY_BP","3","B3","novel","individual",1.234,600,0,1,NA,"2024DH01",0,1,0.5,-0.5
"436","PY_BP","4","B3","control","group",1.3,2.767,60.952,2,"2A","2024DH01",1,0,-0.5,0.5
"437","PY_BP","5","B3","control","individual",1.534,2.933,59.934,2,NA,"2024DH01",0,1,-0.5,-0.5
"438","PY_BP","6","B3","novel","group",2.2,2.633,60.4,5,"2A","2024DH01",1,0,0.5,0.5
"439","PY_BP","7","B3","novel","individual",1.633,4.7,35.667,3,NA,"2024DH01",0,1,0.5,-0.5
"440","PY_BP","8","B3","control","group",2.133,2.133,105.567,2,"2A","2024DH01",1,0,-0.5,0.5
"441","PY_BR","1","B8","novel","group",6.633,4.6,33.167,2,"7B","2024BL08",1,0,0.5,0.5
"442","PY_BR","2","B8","novel","individual",2.034,4.333,46.067,4,NA,"2024BL08",0,1,0.5,-0.5
"443","PY_BR","3","B8","control","group",2.266,2.1,57.133,3,"7B","2024BL08",1,0,-0.5,0.5
"444","PY_BR","4","B8","control","individual",1.633,3.667,85.499,3,NA,"2024BL08",0,1,-0.5,-0.5
"445","PY_BR","5","B8","novel","group",1.167,4.8,9.833,1,"7B","2024BL08",1,0,0.5,0.5
"446","PY_BR","6","B8","novel","individual",1.8,19.7,105.2,5,NA,"2024BL08",0,1,0.5,-0.5
"447","PY_BR","7","B8","control","group",1.634,3.2,305.666,3,"7B","2024BL08",1,0,-0.5,0.5
"448","PY_BR","8","B8","control","individual",2.667,6.733,70.733,3,NA,"2024BL08",0,1,-0.5,-0.5
"449","PY_BY","1","B6","control","group",2.934,4.866,14.233,1,"5A","2024BL04",1,0,-0.5,0.5
"450","PY_BY","2","B6","control","individual",3,3.208,117.166,1,NA,"2024BL04",0,1,-0.5,-0.5
"451","PY_BY","3","B6","novel","group",1.867,2.9,14.167,2,"5A","2024BL04",1,0,0.5,0.5
"452","PY_BY","4","B6","novel","individual",1.034,6.266,26.167,3,NA,"2024BL04",0,1,0.5,-0.5
"453","PY_BY","5","B6","control","group",1.88,2.36,14.92,1,"5A","2024BL04",1,0,-0.5,0.5
"454","PY_BY","6","B6","control","individual",1.367,2.567,16.334,1,NA,"2024BL04",0,1,-0.5,-0.5
"455","PY_BY","7","B6","novel","group",1.32,2.48,260.44,4,"5A","2024BL04",1,0,0.5,0.5
"456","PY_BY","8","B6","novel","individual",1.133,3.167,33.033,5,NA,"2024BL04",0,1,0.5,-0.5
"457","PY_GP","1","B8","novel","group",3.966,5.134,34.866,2,"7B","2024OO35",1,0,0.5,0.5
"458","PY_GP","2","B8","novel","individual",3.867,5.8,57.167,4,NA,"2024OO35",0,1,0.5,-0.5
"459","PY_GP","3","B8","control","group",1.766,2.234,10.466,3,"7B","2024OO35",1,0,-0.5,0.5
"460","PY_GP","4","B8","control","individual",1.866,3.4,33.633,3,NA,"2024OO35",0,1,-0.5,-0.5
"461","PY_GP","5","B8","novel","group",2,3.367,22.2,1,"7B","2024OO35",1,0,0.5,0.5
"462","PY_GP","6","B8","novel","individual",1.7,5.266,47.2,5,NA,"2024OO35",0,1,0.5,-0.5
"463","PY_GP","7","B8","control","group",1.267,2.6,10.2,3,"7B","2024OO35",1,0,-0.5,0.5
"464","PY_GP","8","B8","control","individual",1.8,4.267,30.6,3,NA,"2024OO35",0,1,-0.5,-0.5
"465","PY_GY","1","B7","control","individual",5.3,4.033,59.067,2,NA,"2024VM02",0,1,-0.5,-0.5
"466","PY_GY","2","B7","novel","group",1.916,2.5,130.667,3,"6B","2024VM02",1,0,0.5,0.5
"467","PY_GY","3","B7","novel","individual",1.534,5.066,65.967,4,NA,"2024VM02",0,1,0.5,-0.5
"468","PY_GY","4","B7","control","group",1.867,2.4,37.166,2,"6B","2024VM02",1,0,-0.5,0.5
"469","PY_GY","5","B7","control","individual",1.6,4.36,39.48,2,NA,"2024VM02",0,1,-0.5,-0.5
"470","PY_GY","6","B7","novel","group",1.233,4.067,46.966,5,"6B","2024VM02",1,0,0.5,0.5
"471","PY_GY","7","B7","novel","individual",1.64,9.8,26.92,1,NA,"2024VM02",0,1,0.5,-0.5
"472","PY_GY","8","B7","control","group",1.6,3.234,61.501,2,"6B","2024VM02",1,0,-0.5,0.5
"473","RR_BY","1","B5","novel","individual",600,600,0,1,NA,"2024KN15",0,1,0.5,-0.5
"474","RR_BY","2","B5","control","group",2.634,2.2,65.333,4,"4B","2024KN15",1,0,-0.5,0.5
"475","RR_BY","3","B5","control","individual",335.56,6.59999999999997,153.44,4,NA,"2024KN15",0,1,-0.5,-0.5
"476","RR_BY","4","B5","novel","group",2.2,2.767,182.595,3,"4B","2024KN15",1,0,0.5,0.5
"477","RR_BY","5","B5","novel","individual",2.5,13,128.334,2,NA,"2024KN15",0,1,0.5,-0.5
"478","RR_BY","6","B5","control","group",1.84,5.48,219.88,4,"4B","2024KN15",1,0,-0.5,0.5
"479","RR_BY","7","B5","control","individual",1.96,19,213.4,4,NA,"2024KN15",0,1,-0.5,-0.5
"480","RR_BY","8","B5","novel","group",1.6,8.76,415.88,5,"4B","2024KN15",1,0,0.5,0.5
"481","RR_PP","1","B5","novel","individual",8.48,31.2,44.6,1,NA,"2024BL02",0,1,0.5,-0.5
"482","RR_PP","2","B5","control","group",4.9,2.2,15.767,4,"4A","2024BL02",1,0,-0.5,0.5
"483","RR_PP","3","B5","control","individual",2.48,5,143.48,4,NA,"2024BL02",0,1,-0.5,-0.5
"484","RR_PP","4","B5","novel","group",1.667,1.967,94.3520000000001,3,"4A","2024BL02",1,0,0.5,0.5
"485","RR_PP","5","B5","novel","individual",2.5,5.267,85.3220000000001,2,NA,"2024BL02",0,1,0.5,-0.5
"486","RR_PP","6","B5","control","group",1.36,2.08,26.88,4,"4A","2024BL02",1,0,-0.5,0.5
"487","RR_PP","7","B5","control","individual",1.92,4,48.2,4,NA,"2024BL02",0,1,-0.5,-0.5
"488","RR_PP","8","B5","novel","group",1.16,2.8,387.255,5,"4A","2024BL02",1,0,0.5,0.5
"489","RY_BB","1","B8","novel","group",4.566,2.267,225.533,2,"7A","2024MK02",1,0,0.5,0.5
"490","RY_BB","2","B8","novel","individual",1.867,15.766,249.667,4,NA,"2024MK02",0,1,0.5,-0.5
"491","RY_BB","3","B8","control","group",1.434,2.466,68.032,3,"7A","2024MK02",1,0,-0.5,0.5
"492","RY_BB","4","B8","control","individual",1.9,5.066,476.832,3,NA,"2024MK02",0,1,-0.5,-0.5
"493","RY_BB","5","B8","novel","group",2.067,68.733,297.965,1,"7A","2024MK02",1,0,0.5,0.5
"494","RY_BB","6","B8","novel","individual",2.233,59.7,308.934,5,NA,"2024MK02",0,1,0.5,-0.5
"495","RY_BB","7","B8","control","group",1.833,3.367,193.766,3,"7A","2024MK02",1,0,-0.5,0.5
"496","RY_BB","8","B8","control","individual",2.433,11.4,71.4,3,NA,"2024MK02",0,1,-0.5,-0.5
"497","RY_GG","1","B3","control","individual",600,600,0,2,NA,"2024BR01",0,1,-0.5,-0.5
"498","RY_GG","2","B3","novel","group",1.8,4.03400000000001,43.067,4,"2B","2024BR01",1,0,0.5,0.5
"499","RY_GG","3","B3","novel","individual",4.033,600,0,1,NA,"2024BR01",0,1,0.5,-0.5
"500","RY_GG","4","B3","control","group",1.766,3.067,100.234,2,"2B","2024BR01",1,0,-0.5,0.5
"501","RY_GG","5","B3","control","individual",3.634,6.566,40.234,2,NA,"2024BR01",0,1,-0.5,-0.5
"502","RY_GG","6","B3","novel","group",2.4,5.167,34.1,5,"2B","2024BR01",1,0,0.5,0.5
"503","RY_GG","7","B3","novel","individual",8.366,600,0,3,NA,"2024BR01",0,1,0.5,-0.5
"504","RY_GG","8","B3","control","group",1.567,4.1,68.5,2,"2B","2024BR01",1,0,-0.5,0.5
"505","RY_GR","1","B5","novel","individual",1.72,9.44,68.92,1,NA,"2024KN03",0,1,0.5,-0.5
"506","RY_GR","2","B5","control","group",3.034,2.066,25.567,4,"4B","2024KN03",1,0,-0.5,0.5
"507","RY_GR","3","B5","control","individual",1.68,3.28,189.08,4,NA,"2024KN03",0,1,-0.5,-0.5
"508","RY_GR","4","B5","novel","group",3.1,2.633,107.201,3,"4B","2024KN03",1,0,0.5,0.5
"509","RY_GR","5","B5","novel","individual",1.933,3.133,140.866,2,NA,"2024KN03",0,1,0.5,-0.5
"510","RY_GR","6","B5","control","group",2.2,2.12,201.52,4,"4B","2024KN03",1,0,-0.5,0.5
"511","RY_GR","7","B5","control","individual",2.08,3.6,252.04,4,NA,"2024KN03",0,1,-0.5,-0.5
"512","RY_GR","8","B5","novel","group",1.08,2.72,148.2,5,"4B","2024KN03",1,0,0.5,0.5
"513","RY_RR","1","B2","control","group",7.96700000000001,3.99999999999999,108.933,1,"1B","2024OO30",1,0,-0.5,0.5
"514","RY_RR","2","B2","control","individual",2,8.167,38.3,1,NA,"2024OO30",0,1,-0.5,-0.5
"515","RY_RR","3","B2","novel","group",2.667,2.8,434.899,4,"1B","2024OO30",1,0,0.5,0.5
"516","RY_RR","4","B2","novel","individual",1.767,13.266,40.199,3,NA,"2024OO30",0,1,0.5,-0.5
"517","RY_RR","5","B2","control","group",2.134,2.833,51.167,1,"1B","2024OO30",1,0,-0.5,0.5
"518","RY_RR","6","B2","control","individual",1.666,7.9,79.533,1,NA,"2024OO30",0,1,-0.5,-0.5
"519","RY_RR","7","B2","novel","group",1.5,2.7,457.767,2,"1B","2024OO30",1,0,0.5,0.5
"520","RY_RR","8","B2","novel","individual",1.667,7.866,47.966,5,NA,"2024OO30",0,1,0.5,-0.5
"521","YY_BR","1","B4","novel","group",7.56,2.96,70.6,5,"3A","2024OO20",1,0,0.5,0.5
"522","YY_BR","2","B4","novel","individual",1.267,3.866,441.701,1,NA,"2024OO20",0,1,0.5,-0.5
"523","YY_BR","3","B4","control","group",3.2,2.56,96.72,3,"3A","2024OO20",1,0,-0.5,0.5
"524","YY_BR","4","B4","control","individual",4.866,2.567,618.109,3,NA,"2024OO20",0,1,-0.5,-0.5
"525","YY_BR","5","B4","novel","group",1.967,1.967,21.9,4,"3A","2024OO20",1,0,0.5,0.5
"526","YY_BR","6","B4","novel","individual",2.52,3.68,595.44,2,NA,"2024OO20",0,1,0.5,-0.5
"527","YY_BR","7","B4","control","group",1.72,2.24,197.8,3,"3A","2024OO20",1,0,-0.5,0.5
"528","YY_BR","8","B4","control","individual",1.28,3.16,317.84,3,NA,"2024OO20",0,1,-0.5,-0.5
"529","YY_PP","1","B2","control","group",2.79999999999998,3.96700000000001,294.067,1,"1A","2024OO30",1,0,-0.5,0.5
"530","YY_PP","2","B2","control","individual",3.033,6.534,218.974,1,NA,"2024OO30",0,1,-0.5,-0.5
"531","YY_PP","3","B2","novel","group",1.567,4.133,502.73,4,"1A","2024OO30",1,0,0.5,0.5
"532","YY_PP","4","B2","novel","individual",2.167,6.03299999999999,82.266,3,NA,"2024OO30",0,1,0.5,-0.5
"533","YY_PP","5","B2","control","group",1.533,3.134,99.266,1,"1A","2024OO30",1,0,-0.5,0.5
"534","YY_PP","6","B2","control","individual",2.134,4.633,33.834,1,NA,"2024OO30",0,1,-0.5,-0.5
"535","YY_PP","7","B2","novel","group",1.733,3.30000000000001,170.9,2,"1A","2024OO30",1,0,0.5,0.5
"536","YY_PP","8","B2","novel","individual",2.266,15.834,86.5,5,NA,"2024OO30",0,1,0.5,-0.5
