Observation id,Observation date,Description,Media file,Total length,FPS,Subject,Behavior,Behavioral category,Modifiers,Behavior type,Start (s),Stop (s),Duration (s),Comment start,Comment stop
B8_8_BB_BB_control_SB,2024-08-03 18:06:46.493,,D:/Simon/OneDrive - UGent/UGent-PC/Simon/Downloads/B8_8_BB_BB_control.mp4,635.934,30.0,No focal subject,Trial start,,,POINT,9.633,9.633,NA,,
B8_2_PR_BP_novel_SB,2024-08-03 17:02:01.318,,D:/Simon/OneDrive - UGent/UGent-PC/Simon/Downloads/B8_2_PR_BP_novel.mp4,653.164,30.0,No focal subject,Trial start,,,POINT,9.697,9.697,NA,,
B6_3_B_novel_SB,2024-08-02 13:09:00.698,,D:/Simon/OneDrive - UGent/UGent-PC/Simon/Downloads/B6_3_B_novel (1).mov,702.033,30.0,No focal subject,Trial start,,,POINT,9.766,9.766,NA,,
B7_3_BG_RR_novel_SB,2024-08-02 14:29:09.949,,D:/Simon/OneDrive - UGent/UGent-PC/Simon/Downloads/B7_3_BG_RR_novel (1).mov,711.100,30.0,No focal subject,Trial start,,,POINT,9.999,9.999,NA,,
B8_2_PR_BP_novel_SB,2024-08-03 17:02:01.318,,D:/Simon/OneDrive - UGent/UGent-PC/Simon/Downloads/B8_2_PR_BP_novel.mp4,653.164,30.0,No focal subject,Test arena entry,,,POINT,10.130,10.130,NA,,
B6_4_PY_BY_novel_SB,2024-08-02 13:33:45.170,,D:/Simon/OneDrive - UGent/UGent-PC/Simon/Downloads/B6_4_PY_BY_novel.mov,649.467,30.0,No focal subject,Trial start,,,POINT,10.199,10.199,NA,,
B6_3_B_novel_SB,2024-08-02 13:09:00.698,,D:/Simon/OneDrive - UGent/UGent-PC/Simon/Downloads/B6_3_B_novel (1).mov,702.033,30.0,red,Test arena entry,,,POINT,10.400,10.400,NA,,
B8_8_BB_BB_control_SB,2024-08-03 18:06:46.493,,D:/Simon/OneDrive - UGent/UGent-PC/Simon/Downloads/B8_8_BB_BB_control.mp4,635.934,30.0,No focal subject,Test arena entry,,,POINT,10.533,10.533,NA,,
B6_4_PY_BY_novel_SB,2024-08-02 13:33:45.170,,D:/Simon/OneDrive - UGent/UGent-PC/Simon/Downloads/B6_4_PY_BY_novel.mov,649.467,30.0,No focal subject,Test arena entry,,,POINT,10.766,10.766,NA,,
B4_2_PP_GY_novel_SB,2024-08-01 17:21:25.220,,D:/Simon/OneDrive - UGent/UGent-PC/Simon/Downloads/B4_2_PP_GY_novel (1).mov,816.200,30.0,No focal subject,Trial start,,,POINT,10.866,10.866,NA,,
B8_6_PY_GP_novel_SB,2024-08-03 18:01:26.563,,D:/Simon/OneDrive - UGent/UGent-PC/Simon/Downloads/B8_6_PY_GP_novel.mp4,637.334,30.0,No focal subject,Trial start,,,POINT,10.933,10.933,NA,,
B5_3_PR_GG_control_SB,2024-08-01 23:47:06.394,,D:/Simon/OneDrive - UGent/UGent-PC/Simon/Downloads/B5_3_PR_GG_control (1).mov,688.760,25.0,No focal subject,Trial start,,,POINT,11.080,11.080,NA,,
B6_3_B_novel_SB,2024-08-02 13:09:00.698,,D:/Simon/OneDrive - UGent/UGent-PC/Simon/Downloads/B6_3_B_novel (1).mov,702.033,30.0,redblack,Test arena entry,,,POINT,11.100,11.100,NA,,
B4_8_GY_PP_control_SB,2024-08-01 18:04:34.713,,D:/Simon/OneDrive - UGent/UGent-PC/Simon/Downloads/B4_8_GY_PP_control (1).mp4,802.080,25.0,No focal subject,Trial start,,,POINT,11.200,11.200,NA,,
B5_5_PP_RY_novel_SB,2024-08-01 23:52:27.567,,D:/Simon/OneDrive - UGent/UGent-PC/Simon/Downloads/B5_5_PP_RY_novel (1).mov,645.433,30.0,No focal subject,Trial start,,,POINT,11.300,11.300,NA,,
B6_3_B_novel_SB,2024-08-02 13:09:00.698,,D:/Simon/OneDrive - UGent/UGent-PC/Simon/Downloads/B6_3_B_novel (1).mov,702.033,30.0,blue,Test arena entry,,,POINT,11.400,11.400,NA,,
B6_3_B_novel_SB,2024-08-02 13:09:00.698,,D:/Simon/OneDrive - UGent/UGent-PC/Simon/Downloads/B6_3_B_novel (1).mov,702.033,30.0,black,Test arena entry,,,POINT,11.400,11.400,NA,,
B6_4_GG_BG_novel_SB,2024-08-02 13:26:37.753,,D:/Simon/OneDrive - UGent/UGent-PC/Simon/Downloads/B6_4_GG_BG_novel (1).mov,659.667,30.0,No focal subject,Trial start,,,POINT,11.600,11.600,NA,,
B8_6_BB_BB_novel_SB,2024-08-03 17:46:35.992,,D:/Simon/OneDrive - UGent/UGent-PC/Simon/Downloads/B8_6_BB_BB_novel.mp4,639.267,30.0,No focal subject,Trial start,,,POINT,11.733,11.733,NA,,
B7_2_B_novel_SB,2024-08-02 12:45:58.766,,D:/Simon/OneDrive - UGent/UGent-PC/Simon/Downloads/B7_2_B_novel (1).mov,691.583,24.0,No focal subject,Trial start,,,POINT,11.749,11.749,NA,,
B4_8_GY_PP_control_SB,2024-08-01 18:04:34.713,,D:/Simon/OneDrive - UGent/UGent-PC/Simon/Downloads/B4_8_GY_PP_control (1).mp4,802.080,25.0,No focal subject,Test arena entry,,,POINT,11.760,11.760,NA,,
B4_2_BB_GY_novel_SB,2024-08-01 16:55:33.327,,D:/Simon/OneDrive - UGent/UGent-PC/Simon/Downloads/B4_2_BB_GY_novel (1).mov,702.233,30.0,No focal subject,Trial start,,,POINT,11.833,11.833,NA,,
B3_4_A_control_SB,2024-08-01 15:10:59.932,,D:/Simon/OneDrive - UGent/UGent-PC/Simon/Downloads/B3_4_A_control.mp4,685.030,30.0,No focal subject,Trial start,,,POINT,11.997,11.997,NA,,
B8_2_PR_BP_novel_SB,2024-08-03 17:02:01.318,,D:/Simon/OneDrive - UGent/UGent-PC/Simon/Downloads/B8_2_PR_BP_novel.mp4,653.164,30.0,No focal subject,Zone of Interest,,,STATE,12.030,100.897,88.867,,
B8_6_PY_GP_novel_SB,2024-08-03 18:01:26.563,,D:/Simon/OneDrive - UGent/UGent-PC/Simon/Downloads/B8_6_PY_GP_novel.mp4,637.334,30.0,No focal subject,Test arena entry,,,POINT,12.033,12.033,NA,,
B9_7_PP_GP_control_SB,2024-08-02 11:37:55.907,,D:/Simon/OneDrive - UGent/UGent-PC/Simon/Downloads/B9_7_PP_GP_control.mp4,663.663,30.0,No focal subject,Trial start,,,POINT,12.163,12.163,NA,,
B9_3_PP_GP_control_SB,2024-08-03 19:05:02.367,,D:/Simon/OneDrive - UGent/UGent-PC/Simon/Downloads/B9_3_PP_GP_control (1).mp4,744.464,30.0,No focal subject,Trial start,,,POINT,12.230,12.230,NA,,
B5_5_RR_BY_novel_SB,2024-08-02 00:05:25.985,,D:/Simon/OneDrive - UGent/UGent-PC/Simon/Downloads/B5_5_RR_BY_novel (1).mov,643.600,30.0,No focal subject,Trial start,,,POINT,12.366,12.366,NA,,
B4_2_BB_GY_novel_SB,2024-08-01 16:55:33.327,,D:/Simon/OneDrive - UGent/UGent-PC/Simon/Downloads/B4_2_BB_GY_novel (1).mov,702.233,30.0,No focal subject,Test arena entry,,,POINT,12.400,12.400,NA,,
B6_3_B_novel_SB,2024-08-02 13:09:00.698,,D:/Simon/OneDrive - UGent/UGent-PC/Simon/Downloads/B6_3_B_novel (1).mov,702.033,30.0,redblue,Test arena entry,,,POINT,12.466,12.466,NA,,
B7_3_BG_RR_novel_SB,2024-08-02 14:29:09.949,,D:/Simon/OneDrive - UGent/UGent-PC/Simon/Downloads/B7_3_BG_RR_novel (1).mov,711.100,30.0,No focal subject,Test arena entry,,,POINT,12.466,12.466,NA,,
B3_4_A_control_SB,2024-08-01 15:10:59.932,,D:/Simon/OneDrive - UGent/UGent-PC/Simon/Downloads/B3_4_A_control.mp4,685.030,30.0,red,Test arena entry,,,POINT,12.530,12.530,NA,,
B8_2_PR_BP_novel_SB,2024-08-03 17:02:01.318,,D:/Simon/OneDrive - UGent/UGent-PC/Simon/Downloads/B8_2_PR_BP_novel.mp4,653.164,30.0,No focal subject,Eating,,,POINT,12.563,12.563,NA,,
B8_6_BB_BB_novel_SB,2024-08-03 17:46:35.992,,D:/Simon/OneDrive - UGent/UGent-PC/Simon/Downloads/B8_6_BB_BB_novel.mp4,639.267,30.0,No focal subject,Test arena entry,,,POINT,12.567,12.567,NA,,
B7_2_B_novel_SB,2024-08-02 12:45:58.766,,D:/Simon/OneDrive - UGent/UGent-PC/Simon/Downloads/B7_2_B_novel (1).mov,691.583,24.0,red,Test arena entry,,,POINT,12.624,12.624,NA,,
B6_4_GG_BG_novel_SB,2024-08-02 13:26:37.753,,D:/Simon/OneDrive - UGent/UGent-PC/Simon/Downloads/B6_4_GG_BG_novel (1).mov,659.667,30.0,No focal subject,Test arena entry,,,POINT,12.667,12.667,NA,,
B3_4_A_control_SB,2024-08-01 15:10:59.932,,D:/Simon/OneDrive - UGent/UGent-PC/Simon/Downloads/B3_4_A_control.mp4,685.030,30.0,black,Test arena entry,,,POINT,12.697,12.697,NA,,
B5_3_PR_GG_control_SB,2024-08-01 23:47:06.394,,D:/Simon/OneDrive - UGent/UGent-PC/Simon/Downloads/B5_3_PR_GG_control (1).mov,688.760,25.0,No focal subject,Test arena entry,,,POINT,12.760,12.760,NA,,
B3_4_A_control_SB,2024-08-01 15:10:59.932,,D:/Simon/OneDrive - UGent/UGent-PC/Simon/Downloads/B3_4_A_control.mp4,685.030,30.0,blue,Test arena entry,,,POINT,12.797,12.797,NA,,
B3_4_A_control_SB,2024-08-01 15:10:59.932,,D:/Simon/OneDrive - UGent/UGent-PC/Simon/Downloads/B3_4_A_control.mp4,685.030,30.0,redblue,Test arena entry,,,POINT,12.863,12.863,NA,,
B7_4_B_control_SB,2024-08-02 14:40:34.108,,D:/Simon/OneDrive - UGent/UGent-PC/Simon/Downloads/B7_4_B_control.mov,679.800,30.0,No focal subject,Trial start,,,POINT,12.966,12.966,NA,,
B7_2_B_novel_SB,2024-08-02 12:45:58.766,,D:/Simon/OneDrive - UGent/UGent-PC/Simon/Downloads/B7_2_B_novel (1).mov,691.583,24.0,black,Test arena entry,,,POINT,13.083,13.083,NA,,
B5_5_PP_RY_novel_SB,2024-08-01 23:52:27.567,,D:/Simon/OneDrive - UGent/UGent-PC/Simon/Downloads/B5_5_PP_RY_novel (1).mov,645.433,30.0,No focal subject,Test arena entry,,,POINT,13.133,13.133,NA,,
B7_2_B_novel_SB,2024-08-02 12:45:58.766,,D:/Simon/OneDrive - UGent/UGent-PC/Simon/Downloads/B7_2_B_novel (1).mov,691.583,24.0,redblue,Test arena entry,,,POINT,13.291,13.291,NA,,
B5_7_BY_PR_control_SB,2024-08-02 00:13:15.004,,D:/Simon/OneDrive - UGent/UGent-PC/Simon/Downloads/B5_7_BY_PR_control (1).mp4,652.600,25.0,No focal subject,Trial start,,,POINT,13.400,13.400,NA,,
B6_3_B_novel_SB,2024-08-02 13:09:00.698,,D:/Simon/OneDrive - UGent/UGent-PC/Simon/Downloads/B6_3_B_novel (1).mov,702.033,30.0,black,Zone of Interest,,,STATE,13.433,59.666,46.233,,
B9_7_PP_GP_control_SB,2024-08-02 11:37:55.907,,D:/Simon/OneDrive - UGent/UGent-PC/Simon/Downloads/B9_7_PP_GP_control.mp4,663.663,30.0,No focal subject,Test arena entry,,,POINT,13.497,13.497,NA,,
B7_5_GG_BR_control_SB,2024-08-03 16:29:46.025,,D:/Simon/OneDrive - UGent/UGent-PC/Simon/Downloads/B7_5_GG_BR_control.mp4,645.040,25.0,No focal subject,Trial start,,,POINT,13.520,13.520,NA,,
B9_5_PP_GP_novel_SB,2024-08-03 19:13:23.127,,D:/Simon/OneDrive - UGent/UGent-PC/Simon/Downloads/B9_5_PP_GP_novel (1).mp4,719.536,30.0,No focal subject,Trial start,,,POINT,13.570,13.570,NA,,
B9_3_PP_GP_control_SB,2024-08-03 19:05:02.367,,D:/Simon/OneDrive - UGent/UGent-PC/Simon/Downloads/B9_3_PP_GP_control (1).mp4,744.464,30.0,No focal subject,Test arena entry,,,POINT,13.663,13.663,NA,,
B6_8_GY_BG_novel_SB,2024-08-02 14:21:23.182,,D:/Simon/OneDrive - UGent/UGent-PC/Simon/Downloads/B6_8_GY_BG_novel.mov,686.633,30.0,No focal subject,Trial start,,,POINT,13.700,13.700,NA,,
B7_4_B_control_SB,2024-08-02 14:40:34.108,,D:/Simon/OneDrive - UGent/UGent-PC/Simon/Downloads/B7_4_B_control.mov,679.800,30.0,redblack,Test arena entry,,,POINT,13.733,13.733,NA,,
B6_3_B_novel_SB,2024-08-02 13:09:00.698,,D:/Simon/OneDrive - UGent/UGent-PC/Simon/Downloads/B6_3_B_novel (1).mov,702.033,30.0,black,Eating,,,POINT,13.833,13.833,NA,,
B7_8_B_control_SB,2024-08-03 16:39:30.305,,D:/Simon/OneDrive - UGent/UGent-PC/Simon/Downloads/B7_8_B_control (1).mov,661.033,30.0,No focal subject,Trial start,,,POINT,13.933,13.933,NA,,
B7_4_B_control_SB,2024-08-02 14:40:34.108,,D:/Simon/OneDrive - UGent/UGent-PC/Simon/Downloads/B7_4_B_control.mov,679.800,30.0,red,Test arena entry,,,POINT,13.966,13.966,NA,,
B5_5_RR_BY_novel_SB,2024-08-02 00:05:25.985,,D:/Simon/OneDrive - UGent/UGent-PC/Simon/Downloads/B5_5_RR_BY_novel (1).mov,643.600,30.0,No focal subject,Test arena entry,,,POINT,14.066,14.066,NA,,
B6_8_BY_PY_novel_SB,2024-08-02 14:13:11.538,,D:/Simon/OneDrive - UGent/UGent-PC/Simon/Downloads/B6_8_BY_PY_novel (1).mov,653.833,30.0,No focal subject,Trial start,,,POINT,14.133,14.133,NA,,
B7_4_B_control_SB,2024-08-02 14:40:34.108,,D:/Simon/OneDrive - UGent/UGent-PC/Simon/Downloads/B7_4_B_control.mov,679.800,30.0,redblue,Test arena entry,,,POINT,14.133,14.133,NA,,
B5_7_BY_PR_control_SB,2024-08-02 00:13:15.004,,D:/Simon/OneDrive - UGent/UGent-PC/Simon/Downloads/B5_7_BY_PR_control (1).mp4,652.600,25.0,No focal subject,Test arena entry,,,POINT,14.160,14.160,NA,,
B7_2_B_novel_SB,2024-08-02 12:45:58.766,,D:/Simon/OneDrive - UGent/UGent-PC/Simon/Downloads/B7_2_B_novel (1).mov,691.583,24.0,redblack,Test arena entry,,,POINT,14.166,14.166,NA,,
B3_5_BP_YY_control_SB,2024-08-01 16:07:03.872,,D:/Simon/OneDrive - UGent/UGent-PC/Simon/Downloads/B3_5_BP_YY_control.mov,716.700,30.0,No focal subject,Trial start,,,POINT,14.333,14.333,NA,,
B4_8_GY_PP_control_SB,2024-08-01 18:04:34.713,,D:/Simon/OneDrive - UGent/UGent-PC/Simon/Downloads/B4_8_GY_PP_control (1).mp4,802.080,25.0,No focal subject,Zone of Interest,,,STATE,14.360,61.960,47.600,,
B7_4_B_control_SB,2024-08-02 14:40:34.108,,D:/Simon/OneDrive - UGent/UGent-PC/Simon/Downloads/B7_4_B_control.mov,679.800,30.0,black,Test arena entry,,,POINT,14.399,14.399,NA,,
B9_5_PP_GP_novel_SB,2024-08-03 19:13:23.127,,D:/Simon/OneDrive - UGent/UGent-PC/Simon/Downloads/B9_5_PP_GP_novel (1).mp4,719.536,30.0,No focal subject,Test arena entry,,,POINT,14.437,14.437,NA,,
B7_2_B_novel_SB,2024-08-02 12:45:58.766,,D:/Simon/OneDrive - UGent/UGent-PC/Simon/Downloads/B7_2_B_novel (1).mov,691.583,24.0,blue,Test arena entry,,,POINT,14.458,14.458,NA,,
B3_4_A_control_SB,2024-08-01 15:10:59.932,,D:/Simon/OneDrive - UGent/UGent-PC/Simon/Downloads/B3_4_A_control.mp4,685.030,30.0,red,Zone of Interest,,,STATE,14.463,56.230,41.767,,
B6_3_B_novel_SB,2024-08-02 13:09:00.698,,D:/Simon/OneDrive - UGent/UGent-PC/Simon/Downloads/B6_3_B_novel (1).mov,702.033,30.0,red,Zone of Interest,,,STATE,14.466,14.900,0.434,,
B6_3_B_novel_SB,2024-08-02 13:09:00.698,,D:/Simon/OneDrive - UGent/UGent-PC/Simon/Downloads/B6_3_B_novel (1).mov,702.033,30.0,blue,Zone of Interest,,,STATE,14.466,26.700,12.234,,
B8_8_BB_BB_control_SB,2024-08-03 18:06:46.493,,D:/Simon/OneDrive - UGent/UGent-PC/Simon/Downloads/B8_8_BB_BB_control.mp4,635.934,30.0,No focal subject,Zone of Interest,,,STATE,14.467,59.333,44.866,,
B7_5_GG_BR_control_SB,2024-08-03 16:29:46.025,,D:/Simon/OneDrive - UGent/UGent-PC/Simon/Downloads/B7_5_GG_BR_control.mp4,645.040,25.0,No focal subject,Test arena entry,,,POINT,14.600,14.600,NA,,
B8_6_PY_BR_novel_SB,2024-08-03 17:56:08.353,,D:/Simon/OneDrive - UGent/UGent-PC/Simon/Downloads/B8_6_PY_BR_novel.mp4,647.534,30.0,No focal subject,Trial start,,,POINT,14.667,14.667,NA,,
B3_7_RY_GG_novel_SB,2024-08-01 16:11:10.363,,D:/Simon/OneDrive - UGent/UGent-PC/Simon/Downloads/B3_7_RY_GG_novel.mov,675.333,30.0,No focal subject,Trial start,,,POINT,14.700,14.700,NA,,
B6_3_B_novel_SB,2024-08-02 13:09:00.698,,D:/Simon/OneDrive - UGent/UGent-PC/Simon/Downloads/B6_3_B_novel (1).mov,702.033,30.0,redblack,Zone of Interest,,,STATE,14.766,26.300,11.534,,
B7_8_B_control_SB,2024-08-03 16:39:30.305,,D:/Simon/OneDrive - UGent/UGent-PC/Simon/Downloads/B7_8_B_control (1).mov,661.033,30.0,blue,Test arena entry,,,POINT,14.767,14.767,NA,,
B7_8_B_control_SB,2024-08-03 16:39:30.305,,D:/Simon/OneDrive - UGent/UGent-PC/Simon/Downloads/B7_8_B_control (1).mov,661.033,30.0,redblue,Test arena entry,,,POINT,14.767,14.767,NA,,
B6_8_GY_BG_novel_SB,2024-08-02 14:21:23.182,,D:/Simon/OneDrive - UGent/UGent-PC/Simon/Downloads/B6_8_GY_BG_novel.mov,686.633,30.0,No focal subject,Test arena entry,,,POINT,14.800,14.800,NA,,
B3_4_A_control_SB,2024-08-01 15:10:59.932,,D:/Simon/OneDrive - UGent/UGent-PC/Simon/Downloads/B3_4_A_control.mp4,685.030,30.0,red,Eating,,,POINT,14.830,14.830,NA,,
B5_5_RR_PP_novel_SB,2024-08-02 00:09:28.971,,D:/Simon/OneDrive - UGent/UGent-PC/Simon/Downloads/B5_5_RR_PP_novel (1).mov,669.300,30.0,No focal subject,Trial start,,,POINT,14.866,14.866,NA,,
B4_8_GY_PP_control_SB,2024-08-01 18:04:34.713,,D:/Simon/OneDrive - UGent/UGent-PC/Simon/Downloads/B4_8_GY_PP_control (1).mp4,802.080,25.0,No focal subject,Eating,,,POINT,14.920,14.920,NA,,
B3_4_A_control_SB,2024-08-01 15:10:59.932,,D:/Simon/OneDrive - UGent/UGent-PC/Simon/Downloads/B3_4_A_control.mp4,685.030,30.0,blue,Zone of Interest,,,STATE,14.963,58.663,43.700,,
B6_3_B_novel_SB,2024-08-02 13:09:00.698,,D:/Simon/OneDrive - UGent/UGent-PC/Simon/Downloads/B6_3_B_novel (1).mov,702.033,30.0,blue,Eating,,,POINT,14.966,14.966,NA,,
B7_8_B_control_SB,2024-08-03 16:39:30.305,,D:/Simon/OneDrive - UGent/UGent-PC/Simon/Downloads/B7_8_B_control (1).mov,661.033,30.0,black,Test arena entry,,,POINT,15.133,15.133,NA,,
B7_8_B_control_SB,2024-08-03 16:39:30.305,,D:/Simon/OneDrive - UGent/UGent-PC/Simon/Downloads/B7_8_B_control (1).mov,661.033,30.0,redblack,Test arena entry,,,POINT,15.133,15.133,NA,,
B3_5_BP_YY_control_SB,2024-08-01 16:07:03.872,,D:/Simon/OneDrive - UGent/UGent-PC/Simon/Downloads/B3_5_BP_YY_control.mov,716.700,30.0,No focal subject,Test arena entry,,,POINT,15.166,15.166,NA,,
B6_3_B_novel_SB,2024-08-02 13:09:00.698,,D:/Simon/OneDrive - UGent/UGent-PC/Simon/Downloads/B6_3_B_novel (1).mov,702.033,30.0,redblue,Zone of Interest,,,STATE,15.166,15.433,0.267,,
B7_4_B_control_SB,2024-08-02 14:40:34.108,,D:/Simon/OneDrive - UGent/UGent-PC/Simon/Downloads/B7_4_B_control.mov,679.800,30.0,blue,Test arena entry,,,POINT,15.166,15.166,NA,,
B3_4_A_control_SB,2024-08-01 15:10:59.932,,D:/Simon/OneDrive - UGent/UGent-PC/Simon/Downloads/B3_4_A_control.mp4,685.030,30.0,black,Zone of Interest,,,STATE,15.197,55.730,40.533,,
B6_4_PY_BY_novel_SB,2024-08-02 13:33:45.170,,D:/Simon/OneDrive - UGent/UGent-PC/Simon/Downloads/B6_4_PY_BY_novel.mov,649.467,30.0,No focal subject,Zone of Interest,,,STATE,15.199,41.233,26.034,,
B8_8_BB_BB_control_SB,2024-08-03 18:06:46.493,,D:/Simon/OneDrive - UGent/UGent-PC/Simon/Downloads/B8_8_BB_BB_control.mp4,635.934,30.0,No focal subject,Eating,,,POINT,15.233,15.233,NA,,
B4_1_B_novel_SB,2024-08-01 16:45:32.788,,D:/Simon/OneDrive - UGent/UGent-PC/Simon/Downloads/B4_1_B_novel.mp4,720.760,25.0,No focal subject,Trial start,,,POINT,15.240,15.240,NA,,
B7_2_B_novel_SB,2024-08-02 12:45:58.766,,D:/Simon/OneDrive - UGent/UGent-PC/Simon/Downloads/B7_2_B_novel (1).mov,691.583,24.0,red,Zone of Interest,,,STATE,15.291,49.624,34.333,,
B9_5_BG_PR_novel_SB,2024-08-03 19:08:57.497,,D:/Simon/OneDrive - UGent/UGent-PC/Simon/Downloads/B9_5_BG_PR_novel.mp4,649.967,30.0,No focal subject,Trial start,,,POINT,15.300,15.300,NA,,
B6_3_B_novel_SB,2024-08-02 13:09:00.698,,D:/Simon/OneDrive - UGent/UGent-PC/Simon/Downloads/B6_3_B_novel (1).mov,702.033,30.0,redblack,Eating,,,POINT,15.333,15.333,NA,,
B7_8_B_control_SB,2024-08-03 16:39:30.305,,D:/Simon/OneDrive - UGent/UGent-PC/Simon/Downloads/B7_8_B_control (1).mov,661.033,30.0,red,Test arena entry,,,POINT,15.333,15.333,NA,,
B9_1_GP_BB_novel_SB,2024-08-03 18:09:51.375,,D:/Simon/OneDrive - UGent/UGent-PC/Simon/Downloads/B9_1_GP_BB_novel (1).mp4,820.169,30.0,No focal subject,Trial start,,,POINT,15.337,15.337,NA,,
B3_4_A_control_SB,2024-08-01 15:10:59.932,,D:/Simon/OneDrive - UGent/UGent-PC/Simon/Downloads/B3_4_A_control.mp4,685.030,30.0,blue,Eating,,,POINT,15.397,15.397,NA,,
B6_3_B_novel_SB,2024-08-02 13:09:00.698,,D:/Simon/OneDrive - UGent/UGent-PC/Simon/Downloads/B6_3_B_novel (1).mov,702.033,30.0,red,Zone of Interest,,,STATE,15.433,29.300,13.867,,
B3_4_A_control_SB,2024-08-01 15:10:59.932,,D:/Simon/OneDrive - UGent/UGent-PC/Simon/Downloads/B3_4_A_control.mp4,685.030,30.0,redblue,Zone of Interest,,,STATE,15.497,52.130,36.633,,
B6_6_GG_BG_control_SB,2024-08-02 13:46:35.612,,D:/Simon/OneDrive - UGent/UGent-PC/Simon/Downloads/B6_6_GG_BG_control (1).mp4,650.167,30.0,No focal subject,Trial start,,,POINT,15.500,15.500,NA,,
B7_2_B_novel_SB,2024-08-02 12:45:58.766,,D:/Simon/OneDrive - UGent/UGent-PC/Simon/Downloads/B7_2_B_novel (1).mov,691.583,24.0,redblue,Zone of Interest,,,STATE,15.541,76.624,61.083,,
B7_2_B_novel_SB,2024-08-02 12:45:58.766,,D:/Simon/OneDrive - UGent/UGent-PC/Simon/Downloads/B7_2_B_novel (1).mov,691.583,24.0,black,Zone of Interest,,,STATE,15.583,39.833,24.250,,
B8_6_BB_BB_novel_SB,2024-08-03 17:46:35.992,,D:/Simon/OneDrive - UGent/UGent-PC/Simon/Downloads/B8_6_BB_BB_novel.mp4,639.267,30.0,No focal subject,Zone of Interest,,,STATE,15.600,586.700,571.100,,
B3_4_A_control_SB,2024-08-01 15:10:59.932,,D:/Simon/OneDrive - UGent/UGent-PC/Simon/Downloads/B3_4_A_control.mp4,685.030,30.0,black,Eating,,,POINT,15.630,15.630,NA,,
B5_3_PR_GG_control_SB,2024-08-01 23:47:06.394,,D:/Simon/OneDrive - UGent/UGent-PC/Simon/Downloads/B5_3_PR_GG_control (1).mov,688.760,25.0,No focal subject,Zone of Interest,,,STATE,15.760,171.640,155.880,,
B6_6_GG_BG_control_SB,2024-08-02 13:46:35.612,,D:/Simon/OneDrive - UGent/UGent-PC/Simon/Downloads/B6_6_GG_BG_control (1).mp4,650.167,30.0,No focal subject,Test arena entry,,,POINT,15.800,15.800,NA,,
B7_2_B_novel_SB,2024-08-02 12:45:58.766,,D:/Simon/OneDrive - UGent/UGent-PC/Simon/Downloads/B7_2_B_novel (1).mov,691.583,24.0,red,Eating,,,POINT,15.833,15.833,NA,,
B7_3_BG_RR_novel_SB,2024-08-02 14:29:09.949,,D:/Simon/OneDrive - UGent/UGent-PC/Simon/Downloads/B7_3_BG_RR_novel (1).mov,711.100,30.0,No focal subject,Zone of Interest,,,STATE,15.833,67.199,51.366,,
B8_6_PY_BR_novel_SB,2024-08-03 17:56:08.353,,D:/Simon/OneDrive - UGent/UGent-PC/Simon/Downloads/B8_6_PY_BR_novel.mp4,647.534,30.0,No focal subject,Test arena entry,,,POINT,15.833,15.833,NA,,
B3_4_A_control_SB,2024-08-01 15:10:59.932,,D:/Simon/OneDrive - UGent/UGent-PC/Simon/Downloads/B3_4_A_control.mp4,685.030,30.0,redblue,Eating,,,POINT,15.863,15.863,NA,,
B6_3_B_novel_SB,2024-08-02 13:09:00.698,,D:/Simon/OneDrive - UGent/UGent-PC/Simon/Downloads/B6_3_B_novel (1).mov,702.033,30.0,redblue,Zone of Interest,,,STATE,15.900,85.500,69.600,,
B6_8_BY_PY_novel_SB,2024-08-02 14:13:11.538,,D:/Simon/OneDrive - UGent/UGent-PC/Simon/Downloads/B6_8_BY_PY_novel (1).mov,653.833,30.0,No focal subject,Test arena entry,,,POINT,15.900,15.900,NA,,
B6_3_B_novel_SB,2024-08-02 13:09:00.698,,D:/Simon/OneDrive - UGent/UGent-PC/Simon/Downloads/B6_3_B_novel (1).mov,702.033,30.0,red,Eating,,,POINT,15.966,15.966,NA,,
B9_5_BG_PR_novel_SB,2024-08-03 19:08:57.497,,D:/Simon/OneDrive - UGent/UGent-PC/Simon/Downloads/B9_5_BG_PR_novel.mp4,649.967,30.0,No focal subject,Test arena entry,,,POINT,15.967,15.967,NA,,
B7_2_B_novel_SB,2024-08-02 12:45:58.766,,D:/Simon/OneDrive - UGent/UGent-PC/Simon/Downloads/B7_2_B_novel (1).mov,691.583,24.0,black,Eating,,,POINT,15.999,15.999,NA,,
B9_7_GP_BB_control_SB,2024-08-02 12:26:34.087,,D:/Simon/OneDrive - UGent/UGent-PC/Simon/Downloads/B9_7_GP_BB_control.mp4,648.837,30.0,No focal subject,Trial start,,,POINT,16.070,16.070,NA,,
B8_6_BB_BB_novel_SB,2024-08-03 17:46:35.992,,D:/Simon/OneDrive - UGent/UGent-PC/Simon/Downloads/B8_6_BB_BB_novel.mp4,639.267,30.0,No focal subject,Eating,,,POINT,16.300,16.300,NA,,
B7_2_B_novel_SB,2024-08-02 12:45:58.766,,D:/Simon/OneDrive - UGent/UGent-PC/Simon/Downloads/B7_2_B_novel (1).mov,691.583,24.0,redblue,Eating,,,POINT,16.333,16.333,NA,,
B7_3_BG_RR_novel_SB,2024-08-02 14:29:09.949,,D:/Simon/OneDrive - UGent/UGent-PC/Simon/Downloads/B7_3_BG_RR_novel (1).mov,711.100,30.0,No focal subject,Eating,,,POINT,16.399,16.399,NA,,
B5_3_PR_GG_control_SB,2024-08-01 23:47:06.394,,D:/Simon/OneDrive - UGent/UGent-PC/Simon/Downloads/B5_3_PR_GG_control (1).mov,688.760,25.0,No focal subject,Eating,,,POINT,16.400,16.400,NA,,
B7_2_B_novel_SB,2024-08-02 12:45:58.766,,D:/Simon/OneDrive - UGent/UGent-PC/Simon/Downloads/B7_2_B_novel (1).mov,691.583,24.0,blue,Zone of Interest,,,STATE,16.458,45.666,29.208,,
B7_2_B_novel_SB,2024-08-02 12:45:58.766,,D:/Simon/OneDrive - UGent/UGent-PC/Simon/Downloads/B7_2_B_novel (1).mov,691.583,24.0,redblack,Zone of Interest,,,STATE,16.458,119.541,103.083,,
B6_3_B_novel_SB,2024-08-02 13:09:00.698,,D:/Simon/OneDrive - UGent/UGent-PC/Simon/Downloads/B6_3_B_novel (1).mov,702.033,30.0,redblue,Eating,,,POINT,16.466,16.466,NA,,
B6_1_B_control_SB,2024-08-02 11:21:45.698,,D:/Simon/OneDrive - UGent/UGent-PC/Simon/Downloads/B6_1_B_control (1).mp4,657.864,30.0,No focal subject,Trial start,,,POINT,16.497,16.497,NA,,
B7_4_B_control_SB,2024-08-02 14:40:34.108,,D:/Simon/OneDrive - UGent/UGent-PC/Simon/Downloads/B7_4_B_control.mov,679.800,30.0,red,Zone of Interest,,,STATE,16.499,43.133,26.634,,
B7_1_BP_GG_control_SB,2024-08-02 12:31:09.690,,D:/Simon/OneDrive - UGent/UGent-PC/Simon/Downloads/B7_1_BP_GG_control (1).mp4,650.630,30.0,No focal subject,Trial start,,,POINT,16.530,16.530,NA,,
B8_6_PY_GP_novel_SB,2024-08-03 18:01:26.563,,D:/Simon/OneDrive - UGent/UGent-PC/Simon/Downloads/B8_6_PY_GP_novel.mp4,637.334,30.0,No focal subject,Zone of Interest,,,STATE,16.567,63.533,46.966,,
B5_5_RR_PP_novel_SB,2024-08-02 00:09:28.971,,D:/Simon/OneDrive - UGent/UGent-PC/Simon/Downloads/B5_5_RR_PP_novel (1).mov,669.300,30.0,No focal subject,Test arena entry,,,POINT,16.666,16.666,NA,,
B7_4_B_control_SB,2024-08-02 14:40:34.108,,D:/Simon/OneDrive - UGent/UGent-PC/Simon/Downloads/B7_4_B_control.mov,679.800,30.0,black,Zone of Interest,,,STATE,16.666,24.166,7.500,,
B7_4_B_control_SB,2024-08-02 14:40:34.108,,D:/Simon/OneDrive - UGent/UGent-PC/Simon/Downloads/B7_4_B_control.mov,679.800,30.0,redblue,Zone of Interest,,,STATE,16.733,36.433,19.700,,
B7_4_B_control_SB,2024-08-02 14:40:34.108,,D:/Simon/OneDrive - UGent/UGent-PC/Simon/Downloads/B7_4_B_control.mov,679.800,30.0,red,Eating,,,POINT,16.866,16.866,NA,,
B7_2_B_novel_SB,2024-08-02 12:45:58.766,,D:/Simon/OneDrive - UGent/UGent-PC/Simon/Downloads/B7_2_B_novel (1).mov,691.583,24.0,blue,Eating,,,POINT,16.874,16.874,NA,,
B5_7_BY_PR_control_SB,2024-08-02 00:13:15.004,,D:/Simon/OneDrive - UGent/UGent-PC/Simon/Downloads/B5_7_BY_PR_control (1).mp4,652.600,25.0,No focal subject,Zone of Interest,,,STATE,16.960,312.520,295.560,,
B6_4_GG_BG_novel_SB,2024-08-02 13:26:37.753,,D:/Simon/OneDrive - UGent/UGent-PC/Simon/Downloads/B6_4_GG_BG_novel (1).mov,659.667,30.0,No focal subject,Zone of Interest,,,STATE,17.067,38.733,21.666,,
B7_4_B_control_SB,2024-08-02 14:40:34.108,,D:/Simon/OneDrive - UGent/UGent-PC/Simon/Downloads/B7_4_B_control.mov,679.800,30.0,black,Eating,,,POINT,17.133,17.133,NA,,
B7_8_B_control_SB,2024-08-03 16:39:30.305,,D:/Simon/OneDrive - UGent/UGent-PC/Simon/Downloads/B7_8_B_control (1).mov,661.033,30.0,redblue,Zone of Interest,,,STATE,17.133,46.200,29.067,,
B6_1_B_control_SB,2024-08-02 11:21:45.698,,D:/Simon/OneDrive - UGent/UGent-PC/Simon/Downloads/B6_1_B_control (1).mp4,657.864,30.0,black,Test arena entry,,,POINT,17.163,17.163,NA,,
B6_1_B_control_SB,2024-08-02 11:21:45.698,,D:/Simon/OneDrive - UGent/UGent-PC/Simon/Downloads/B6_1_B_control (1).mp4,657.864,30.0,redblack,Test arena entry,,,POINT,17.163,17.163,NA,,
B7_5_GG_BR_control_SB,2024-08-03 16:29:46.025,,D:/Simon/OneDrive - UGent/UGent-PC/Simon/Downloads/B7_5_GG_BR_control.mp4,645.040,25.0,No focal subject,Zone of Interest,,,STATE,17.200,82.080,64.880,,
B7_2_B_novel_SB,2024-08-02 12:45:58.766,,D:/Simon/OneDrive - UGent/UGent-PC/Simon/Downloads/B7_2_B_novel (1).mov,691.583,24.0,redblack,Eating,,,POINT,17.249,17.249,NA,,
B7_8_B_control_SB,2024-08-03 16:39:30.305,,D:/Simon/OneDrive - UGent/UGent-PC/Simon/Downloads/B7_8_B_control (1).mov,661.033,30.0,red,Zone of Interest,,,STATE,17.300,83.967,66.667,,
B7_8_B_control_SB,2024-08-03 16:39:30.305,,D:/Simon/OneDrive - UGent/UGent-PC/Simon/Downloads/B7_8_B_control (1).mov,661.033,30.0,redblack,Zone of Interest,,,STATE,17.300,81.600,64.300,,
B7_8_B_control_SB,2024-08-03 16:39:30.305,,D:/Simon/OneDrive - UGent/UGent-PC/Simon/Downloads/B7_8_B_control (1).mov,661.033,30.0,blue,Zone of Interest,,,STATE,17.367,52.133,34.766,,
B8_6_PY_GP_novel_SB,2024-08-03 18:01:26.563,,D:/Simon/OneDrive - UGent/UGent-PC/Simon/Downloads/B8_6_PY_GP_novel.mp4,637.334,30.0,No focal subject,Eating,,,POINT,17.500,17.500,NA,,
B6_1_B_control_SB,2024-08-02 11:21:45.698,,D:/Simon/OneDrive - UGent/UGent-PC/Simon/Downloads/B6_1_B_control (1).mp4,657.864,30.0,red,Test arena entry,,,POINT,17.530,17.530,NA,,
B6_4_PY_BY_novel_SB,2024-08-02 13:33:45.170,,D:/Simon/OneDrive - UGent/UGent-PC/Simon/Downloads/B6_4_PY_BY_novel.mov,649.467,30.0,No focal subject,Eating,,,POINT,17.533,17.533,NA,,
B7_4_B_control_SB,2024-08-02 14:40:34.108,,D:/Simon/OneDrive - UGent/UGent-PC/Simon/Downloads/B7_4_B_control.mov,679.800,30.0,redblue,Eating,,,POINT,17.533,17.533,NA,,
B9_7_GP_BB_control_SB,2024-08-02 12:26:34.087,,D:/Simon/OneDrive - UGent/UGent-PC/Simon/Downloads/B9_7_GP_BB_control.mp4,648.837,30.0,No focal subject,Test arena entry,,,POINT,17.637,17.637,NA,,
B7_8_B_control_SB,2024-08-03 16:39:30.305,,D:/Simon/OneDrive - UGent/UGent-PC/Simon/Downloads/B7_8_B_control (1).mov,661.033,30.0,red,Eating,,,POINT,17.667,17.667,NA,,
B7_8_B_control_SB,2024-08-03 16:39:30.305,,D:/Simon/OneDrive - UGent/UGent-PC/Simon/Downloads/B7_8_B_control (1).mov,661.033,30.0,redblue,Eating,,,POINT,17.667,17.667,NA,,
B5_7_BY_PR_control_SB,2024-08-02 00:13:15.004,,D:/Simon/OneDrive - UGent/UGent-PC/Simon/Downloads/B5_7_BY_PR_control (1).mp4,652.600,25.0,No focal subject,Eating,,,POINT,17.720,17.720,NA,,
B7_8_B_control_SB,2024-08-03 16:39:30.305,,D:/Simon/OneDrive - UGent/UGent-PC/Simon/Downloads/B7_8_B_control (1).mov,661.033,30.0,redblack,Eating,,,POINT,17.733,17.733,NA,,
B7_4_B_control_SB,2024-08-02 14:40:34.108,,D:/Simon/OneDrive - UGent/UGent-PC/Simon/Downloads/B7_4_B_control.mov,679.800,30.0,redblack,Zone of Interest,,,STATE,17.766,75.233,57.467,,
B7_5_GG_BR_control_SB,2024-08-03 16:29:46.025,,D:/Simon/OneDrive - UGent/UGent-PC/Simon/Downloads/B7_5_GG_BR_control.mp4,645.040,25.0,No focal subject,Eating,,,POINT,17.880,17.880,NA,,
B7_4_B_control_SB,2024-08-02 14:40:34.108,,D:/Simon/OneDrive - UGent/UGent-PC/Simon/Downloads/B7_4_B_control.mov,679.800,30.0,blue,Zone of Interest,,,STATE,17.899,42.899,25.000,,
B5_5_RR_BY_novel_SB,2024-08-02 00:05:25.985,,D:/Simon/OneDrive - UGent/UGent-PC/Simon/Downloads/B5_5_RR_BY_novel (1).mov,643.600,30.0,No focal subject,Zone of Interest,,,STATE,18.133,146.899,128.766,,
B6_1_B_control_SB,2024-08-02 11:21:45.698,,D:/Simon/OneDrive - UGent/UGent-PC/Simon/Downloads/B6_1_B_control (1).mp4,657.864,30.0,blue,Test arena entry,,,POINT,18.197,18.197,NA,,
B5_8_A_novel_SB,2024-08-02 10:40:06.426,,D:/Simon/OneDrive - UGent/UGent-PC/Simon/Downloads/B5_8_A_novel (1).mp4,728.040,25.0,No focal subject,Trial start,,,POINT,18.200,18.200,NA,,
B7_8_B_control_SB,2024-08-03 16:39:30.305,,D:/Simon/OneDrive - UGent/UGent-PC/Simon/Downloads/B7_8_B_control (1).mov,661.033,30.0,black,Zone of Interest,,,STATE,18.200,26.200,8.000,,
B7_4_B_control_SB,2024-08-02 14:40:34.108,,D:/Simon/OneDrive - UGent/UGent-PC/Simon/Downloads/B7_4_B_control.mov,679.800,30.0,redblack,Eating,,,POINT,18.233,18.233,NA,,
B7_8_B_control_SB,2024-08-03 16:39:30.305,,D:/Simon/OneDrive - UGent/UGent-PC/Simon/Downloads/B7_8_B_control (1).mov,661.033,30.0,blue,Eating,,,POINT,18.267,18.267,NA,,
B6_4_GG_BG_novel_SB,2024-08-02 13:26:37.753,,D:/Simon/OneDrive - UGent/UGent-PC/Simon/Downloads/B6_4_GG_BG_novel (1).mov,659.667,30.0,No focal subject,Eating,,,POINT,18.400,18.400,NA,,
B6_6_GG_BG_control_SB,2024-08-02 13:46:35.612,,D:/Simon/OneDrive - UGent/UGent-PC/Simon/Downloads/B6_6_GG_BG_control (1).mp4,650.167,30.0,No focal subject,Zone of Interest,,,STATE,18.433,38.400,19.967,,
B6_1_B_control_SB,2024-08-02 11:21:45.698,,D:/Simon/OneDrive - UGent/UGent-PC/Simon/Downloads/B6_1_B_control (1).mp4,657.864,30.0,redblue,Test arena entry,,,POINT,18.563,18.563,NA,,
B3_5_BP_YY_control_SB,2024-08-01 16:07:03.872,,D:/Simon/OneDrive - UGent/UGent-PC/Simon/Downloads/B3_5_BP_YY_control.mov,716.700,30.0,No focal subject,Zone of Interest,,,STATE,18.566,163.666,145.100,,
B9_1_GP_BB_novel_SB,2024-08-03 18:09:51.375,,D:/Simon/OneDrive - UGent/UGent-PC/Simon/Downloads/B9_1_GP_BB_novel (1).mp4,820.169,30.0,No focal subject,Test arena entry,,,POINT,18.570,18.570,NA,,
B7_8_B_control_SB,2024-08-03 16:39:30.305,,D:/Simon/OneDrive - UGent/UGent-PC/Simon/Downloads/B7_8_B_control (1).mov,661.033,30.0,black,Eating,,,POINT,18.600,18.600,NA,,
B9_1_PP_GP_novel_SB,2024-08-03 18:14:38.925,,D:/Simon/OneDrive - UGent/UGent-PC/Simon/Downloads/B9_1_PP_GP_novel.mp4,679.669,30.0,No focal subject,Trial start,,,POINT,18.603,18.603,NA,,
B7_4_B_control_SB,2024-08-02 14:40:34.108,,D:/Simon/OneDrive - UGent/UGent-PC/Simon/Downloads/B7_4_B_control.mov,679.800,30.0,blue,Eating,,,POINT,18.633,18.633,NA,,
B5_8_A_novel_SB,2024-08-02 10:40:06.426,,D:/Simon/OneDrive - UGent/UGent-PC/Simon/Downloads/B5_8_A_novel (1).mp4,728.040,25.0,red,Test arena entry,,,POINT,18.760,18.760,NA,,
B5_8_A_novel_SB,2024-08-02 10:40:06.426,,D:/Simon/OneDrive - UGent/UGent-PC/Simon/Downloads/B5_8_A_novel (1).mp4,728.040,25.0,redblue,Test arena entry,,,POINT,18.760,18.760,NA,,
B4_2_YY_BR_novel_SB,2024-08-01 17:24:58.900,,D:/Simon/OneDrive - UGent/UGent-PC/Simon/Downloads/B4_2_YY_BR_novel (1).mov,675.233,30.0,No focal subject,Trial start,,,POINT,18.867,18.867,NA,,
B5_8_A_novel_SB,2024-08-02 10:40:06.426,,D:/Simon/OneDrive - UGent/UGent-PC/Simon/Downloads/B5_8_A_novel (1).mp4,728.040,25.0,redblack,Test arena entry,,,POINT,18.960,18.960,NA,,
B6_6_GG_BG_control_SB,2024-08-02 13:46:35.612,,D:/Simon/OneDrive - UGent/UGent-PC/Simon/Downloads/B6_6_GG_BG_control (1).mp4,650.167,30.0,No focal subject,Eating,,,POINT,19.200,19.200,NA,,
B5_8_A_novel_SB,2024-08-02 10:40:06.426,,D:/Simon/OneDrive - UGent/UGent-PC/Simon/Downloads/B5_8_A_novel (1).mp4,728.040,25.0,black,Test arena entry,,,POINT,19.360,19.360,NA,,
B6_6_GY_BG_control_SB,2024-08-02 14:07:36.985,,D:/Simon/OneDrive - UGent/UGent-PC/Simon/Downloads/B6_6_GY_BG_control.mp4,662.267,30.0,No focal subject,Trial start,,,POINT,19.367,19.367,NA,,
B9_3_PP_GP_control_SB,2024-08-03 19:05:02.367,,D:/Simon/OneDrive - UGent/UGent-PC/Simon/Downloads/B9_3_PP_GP_control (1).mp4,744.464,30.0,No focal subject,Zone of Interest,,,STATE,19.430,55.530,36.100,,
B4_2_YY_BR_novel_SB,2024-08-01 17:24:58.900,,D:/Simon/OneDrive - UGent/UGent-PC/Simon/Downloads/B4_2_YY_BR_novel (1).mov,675.233,30.0,No focal subject,Test arena entry,,,POINT,19.433,19.433,NA,,
B3_5_BP_YY_control_SB,2024-08-01 16:07:03.872,,D:/Simon/OneDrive - UGent/UGent-PC/Simon/Downloads/B3_5_BP_YY_control.mov,716.700,30.0,No focal subject,Eating,,,POINT,19.566,19.566,NA,,
B5_8_A_novel_SB,2024-08-02 10:40:06.426,,D:/Simon/OneDrive - UGent/UGent-PC/Simon/Downloads/B5_8_A_novel (1).mp4,728.040,25.0,blue,Test arena entry,,,POINT,19.600,19.600,NA,,
B7_1_BP_GG_control_SB,2024-08-02 12:31:09.690,,D:/Simon/OneDrive - UGent/UGent-PC/Simon/Downloads/B7_1_BP_GG_control (1).mp4,650.630,30.0,No focal subject,Test arena entry,,,POINT,19.630,19.630,NA,,
B5_5_PP_RY_novel_SB,2024-08-01 23:52:27.567,,D:/Simon/OneDrive - UGent/UGent-PC/Simon/Downloads/B5_5_PP_RY_novel (1).mov,645.433,30.0,No focal subject,Zone of Interest,,,STATE,19.633,123.167,103.534,,
B9_7_PP_GP_control_SB,2024-08-02 11:37:55.907,,D:/Simon/OneDrive - UGent/UGent-PC/Simon/Downloads/B9_7_PP_GP_control.mp4,663.663,30.0,No focal subject,Zone of Interest,,,STATE,19.663,73.830,54.167,,
B9_1_PP_GP_novel_SB,2024-08-03 18:14:38.925,,D:/Simon/OneDrive - UGent/UGent-PC/Simon/Downloads/B9_1_PP_GP_novel.mp4,679.669,30.0,No focal subject,Test arena entry,,,POINT,20.037,20.037,NA,,
B5_7_PR_GG_control_SB,2024-08-02 10:31:30.941,,D:/Simon/OneDrive - UGent/UGent-PC/Simon/Downloads/B5_7_PR_GG_control (1).mp4,711.520,25.0,No focal subject,Trial start,,,POINT,20.400,20.400,NA,,
B7_7_BR_GR_novel_SB,2024-08-03 16:35:08.258,,D:/Simon/OneDrive - UGent/UGent-PC/Simon/Downloads/B7_7_BR_GR_novel (1).mov,654.840,25.0,No focal subject,Trial start,,,POINT,20.400,20.400,NA,,
B9_5_PP_GP_novel_SB,2024-08-03 19:13:23.127,,D:/Simon/OneDrive - UGent/UGent-PC/Simon/Downloads/B9_5_PP_GP_novel (1).mp4,719.536,30.0,No focal subject,Zone of Interest,,,STATE,20.470,405.470,385.000,,
B8_4_GG_GY_control_SB,2024-08-03 17:41:49.257,,D:/Simon/OneDrive - UGent/UGent-PC/Simon/Downloads/B8_4_GG_GY_control.mp4,662.069,30.0,No focal subject,Trial start,,,POINT,20.503,20.503,NA,,
B5_5_RR_PP_novel_SB,2024-08-02 00:09:28.971,,D:/Simon/OneDrive - UGent/UGent-PC/Simon/Downloads/B5_5_RR_PP_novel (1).mov,669.300,30.0,No focal subject,Zone of Interest,,,STATE,20.633,58.399,37.766,,
B6_1_B_control_SB,2024-08-02 11:21:45.698,,D:/Simon/OneDrive - UGent/UGent-PC/Simon/Downloads/B6_1_B_control (1).mp4,657.864,30.0,black,Zone of Interest,,,STATE,20.663,37.197,16.534,,
B6_1_B_control_SB,2024-08-02 11:21:45.698,,D:/Simon/OneDrive - UGent/UGent-PC/Simon/Downloads/B6_1_B_control (1).mp4,657.864,30.0,redblack,Zone of Interest,,,STATE,20.663,105.397,84.734,,
B6_6_GY_BG_control_SB,2024-08-02 14:07:36.985,,D:/Simon/OneDrive - UGent/UGent-PC/Simon/Downloads/B6_6_GY_BG_control.mp4,662.267,30.0,No focal subject,Test arena entry,,,POINT,20.667,20.667,NA,,
B9_3_PP_GP_control_SB,2024-08-03 19:05:02.367,,D:/Simon/OneDrive - UGent/UGent-PC/Simon/Downloads/B9_3_PP_GP_control (1).mp4,744.464,30.0,No focal subject,Eating,,,POINT,20.797,20.797,NA,,
B5_8_A_novel_SB,2024-08-02 10:40:06.426,,D:/Simon/OneDrive - UGent/UGent-PC/Simon/Downloads/B5_8_A_novel (1).mp4,728.040,25.0,red,Zone of Interest,,,STATE,20.840,42.760,21.920,,
B9_7_PP_GP_control_SB,2024-08-02 11:37:55.907,,D:/Simon/OneDrive - UGent/UGent-PC/Simon/Downloads/B9_7_PP_GP_control.mp4,663.663,30.0,No focal subject,Eating,,,POINT,20.897,20.897,NA,,
B6_1_B_control_SB,2024-08-02 11:21:45.698,,D:/Simon/OneDrive - UGent/UGent-PC/Simon/Downloads/B6_1_B_control (1).mp4,657.864,30.0,blue,Zone of Interest,,,STATE,20.963,40.897,19.934,,
B5_1_BY_PR_novel_SB,2024-08-01 18:18:09.137,,D:/Simon/OneDrive - UGent/UGent-PC/Simon/Downloads/B5_1_BY_PR_novel (1).mp4,664.120,25.0,No focal subject,Trial start,,,POINT,21.000,21.000,NA,,
B6_1_B_control_SB,2024-08-02 11:21:45.698,,D:/Simon/OneDrive - UGent/UGent-PC/Simon/Downloads/B6_1_B_control (1).mp4,657.864,30.0,black,Eating,,,POINT,21.130,21.130,NA,,
B6_1_B_control_SB,2024-08-02 11:21:45.698,,D:/Simon/OneDrive - UGent/UGent-PC/Simon/Downloads/B6_1_B_control (1).mp4,657.864,30.0,redblack,Eating,,,POINT,21.263,21.263,NA,,
B7_7_BR_GR_novel_SB,2024-08-03 16:35:08.258,,D:/Simon/OneDrive - UGent/UGent-PC/Simon/Downloads/B7_7_BR_GR_novel (1).mov,654.840,25.0,No focal subject,Test arena entry,,,POINT,21.280,21.280,NA,,
B6_1_B_control_SB,2024-08-02 11:21:45.698,,D:/Simon/OneDrive - UGent/UGent-PC/Simon/Downloads/B6_1_B_control (1).mp4,657.864,30.0,blue,Eating,,,POINT,21.463,21.463,NA,,
B4_2_GP_BR_novel_SB,2024-08-01 17:16:47.962,,D:/Simon/OneDrive - UGent/UGent-PC/Simon/Downloads/B4_2_GP_BR_novel (1).mov,732.033,30.0,No focal subject,Trial start,,,POINT,21.466,21.466,NA,,
B9_5_PP_GP_novel_SB,2024-08-03 19:13:23.127,,D:/Simon/OneDrive - UGent/UGent-PC/Simon/Downloads/B9_5_PP_GP_novel (1).mp4,719.536,30.0,No focal subject,Eating,,,POINT,21.470,21.470,NA,,
B5_8_A_novel_SB,2024-08-02 10:40:06.426,,D:/Simon/OneDrive - UGent/UGent-PC/Simon/Downloads/B5_8_A_novel (1).mp4,728.040,25.0,redblack,Zone of Interest,,,STATE,21.560,65.640,44.080,,
B5_5_PP_RY_novel_SB,2024-08-01 23:52:27.567,,D:/Simon/OneDrive - UGent/UGent-PC/Simon/Downloads/B5_5_PP_RY_novel (1).mov,645.433,30.0,No focal subject,Eating,,,POINT,21.567,21.567,NA,,
B5_8_A_novel_SB,2024-08-02 10:40:06.426,,D:/Simon/OneDrive - UGent/UGent-PC/Simon/Downloads/B5_8_A_novel (1).mp4,728.040,25.0,red,Eating,,,POINT,21.640,21.640,NA,,
B6_1_B_control_SB,2024-08-02 11:21:45.698,,D:/Simon/OneDrive - UGent/UGent-PC/Simon/Downloads/B6_1_B_control (1).mp4,657.864,30.0,red,Zone of Interest,,,STATE,21.697,54.997,33.300,,
B7_1_GY_GP_control_SB,2024-08-02 12:41:20.930,,D:/Simon/OneDrive - UGent/UGent-PC/Simon/Downloads/B7_1_GY_GP_control (1).mp4,651.864,30.0,No focal subject,Trial start,,,POINT,21.730,21.730,NA,,
B8_4_GG_GY_control_SB,2024-08-03 17:41:49.257,,D:/Simon/OneDrive - UGent/UGent-PC/Simon/Downloads/B8_4_GG_GY_control.mp4,662.069,30.0,No focal subject,Test arena entry,,,POINT,21.770,21.770,NA,,
B4_1_B_novel_SB,2024-08-01 16:45:32.788,,D:/Simon/OneDrive - UGent/UGent-PC/Simon/Downloads/B4_1_B_novel.mp4,720.760,25.0,black,Test arena entry,,,POINT,21.800,21.800,NA,,
B3_7_RY_GG_novel_SB,2024-08-01 16:11:10.363,,D:/Simon/OneDrive - UGent/UGent-PC/Simon/Downloads/B3_7_RY_GG_novel.mov,675.333,30.0,No focal subject,Test arena entry,,,POINT,21.833,21.833,NA,,
B5_8_A_novel_SB,2024-08-02 10:40:06.426,,D:/Simon/OneDrive - UGent/UGent-PC/Simon/Downloads/B5_8_A_novel (1).mp4,728.040,25.0,redblue,Zone of Interest,,,STATE,21.840,55.800,33.960,,
B5_7_PP_RY_control_SB,2024-08-02 09:58:49.755,,D:/Simon/OneDrive - UGent/UGent-PC/Simon/Downloads/B5_7_PP_RY_control (1).mp4,866.520,25.0,No focal subject,Trial start,,,POINT,22.000,22.000,NA,,
B5_7_PR_GG_control_SB,2024-08-02 10:31:30.941,,D:/Simon/OneDrive - UGent/UGent-PC/Simon/Downloads/B5_7_PR_GG_control (1).mp4,711.520,25.0,No focal subject,Test arena entry,,,POINT,22.040,22.040,NA,,
B5_5_RR_PP_novel_SB,2024-08-02 00:09:28.971,,D:/Simon/OneDrive - UGent/UGent-PC/Simon/Downloads/B5_5_RR_PP_novel (1).mov,669.300,30.0,No focal subject,Eating,,,POINT,22.166,22.166,NA,,
B6_8_BY_PY_novel_SB,2024-08-02 14:13:11.538,,D:/Simon/OneDrive - UGent/UGent-PC/Simon/Downloads/B6_8_BY_PY_novel (1).mov,653.833,30.0,No focal subject,Zone of Interest,,,STATE,22.167,25.333,3.166,,
B6_1_B_control_SB,2024-08-02 11:21:45.698,,D:/Simon/OneDrive - UGent/UGent-PC/Simon/Downloads/B6_1_B_control (1).mp4,657.864,30.0,red,Eating,,,POINT,22.230,22.230,NA,,
B6_1_B_control_SB,2024-08-02 11:21:45.698,,D:/Simon/OneDrive - UGent/UGent-PC/Simon/Downloads/B6_1_B_control (1).mp4,657.864,30.0,redblue,Zone of Interest,,,STATE,22.230,41.497,19.267,,
B5_8_A_novel_SB,2024-08-02 10:40:06.426,,D:/Simon/OneDrive - UGent/UGent-PC/Simon/Downloads/B5_8_A_novel (1).mp4,728.040,25.0,redblue,Eating,,,POINT,22.320,22.320,NA,,
B4_2_YY_BR_novel_SB,2024-08-01 17:24:58.900,,D:/Simon/OneDrive - UGent/UGent-PC/Simon/Downloads/B4_2_YY_BR_novel (1).mov,675.233,30.0,No focal subject,Zone of Interest,,,STATE,22.467,144.667,122.200,,
B5_8_A_novel_SB,2024-08-02 10:40:06.426,,D:/Simon/OneDrive - UGent/UGent-PC/Simon/Downloads/B5_8_A_novel (1).mp4,728.040,25.0,redblack,Eating,,,POINT,22.480,22.480,NA,,
B9_7_GP_BB_control_SB,2024-08-02 12:26:34.087,,D:/Simon/OneDrive - UGent/UGent-PC/Simon/Downloads/B9_7_GP_BB_control.mp4,648.837,30.0,No focal subject,Zone of Interest,,,STATE,22.503,74.770,52.267,,
B4_1_B_novel_SB,2024-08-01 16:45:32.788,,D:/Simon/OneDrive - UGent/UGent-PC/Simon/Downloads/B4_1_B_novel.mp4,720.760,25.0,blue,Test arena entry,,,POINT,22.520,22.520,NA,,
B5_8_A_novel_SB,2024-08-02 10:40:06.426,,D:/Simon/OneDrive - UGent/UGent-PC/Simon/Downloads/B5_8_A_novel (1).mp4,728.040,25.0,black,Zone of Interest,,,STATE,22.520,36.280,13.760,,
B5_7_PP_RY_control_SB,2024-08-02 09:58:49.755,,D:/Simon/OneDrive - UGent/UGent-PC/Simon/Downloads/B5_7_PP_RY_control (1).mp4,866.520,25.0,No focal subject,Test arena entry,,,POINT,22.840,22.840,NA,,
B7_1_BP_GG_control_SB,2024-08-02 12:31:09.690,,D:/Simon/OneDrive - UGent/UGent-PC/Simon/Downloads/B7_1_BP_GG_control (1).mp4,650.630,30.0,No focal subject,Zone of Interest,,,STATE,22.863,97.230,74.367,,
B6_1_B_control_SB,2024-08-02 11:21:45.698,,D:/Simon/OneDrive - UGent/UGent-PC/Simon/Downloads/B6_1_B_control (1).mp4,657.864,30.0,redblue,Eating,,,POINT,22.930,22.930,NA,,
B5_3_BY_PR_control_SB,2024-08-01 23:40:54.735,,D:/Simon/OneDrive - UGent/UGent-PC/Simon/Downloads/B5_3_BY_PR_control.mov,654.200,25.0,No focal subject,Trial start,,,POINT,22.960,22.960,NA,,
B5_8_A_novel_SB,2024-08-02 10:40:06.426,,D:/Simon/OneDrive - UGent/UGent-PC/Simon/Downloads/B5_8_A_novel (1).mp4,728.040,25.0,black,Eating,,,POINT,23.000,23.000,NA,,
B4_2_GP_BR_novel_SB,2024-08-01 17:16:47.962,,D:/Simon/OneDrive - UGent/UGent-PC/Simon/Downloads/B4_2_GP_BR_novel (1).mov,732.033,30.0,No focal subject,Test arena entry,,,POINT,23.233,23.233,NA,,
B7_1_GY_GP_control_SB,2024-08-02 12:41:20.930,,D:/Simon/OneDrive - UGent/UGent-PC/Simon/Downloads/B7_1_GY_GP_control (1).mp4,651.864,30.0,No focal subject,Test arena entry,,,POINT,23.330,23.330,NA,,
B4_2_YY_BR_novel_SB,2024-08-01 17:24:58.900,,D:/Simon/OneDrive - UGent/UGent-PC/Simon/Downloads/B4_2_YY_BR_novel (1).mov,675.233,30.0,No focal subject,Eating,,,POINT,23.333,23.333,NA,,
B7_1_BP_GG_control_SB,2024-08-02 12:31:09.690,,D:/Simon/OneDrive - UGent/UGent-PC/Simon/Downloads/B7_1_BP_GG_control (1).mp4,650.630,30.0,No focal subject,Eating,,,POINT,23.497,23.497,NA,,
B9_7_GP_BB_control_SB,2024-08-02 12:26:34.087,,D:/Simon/OneDrive - UGent/UGent-PC/Simon/Downloads/B9_7_GP_BB_control.mp4,648.837,30.0,No focal subject,Eating,,,POINT,23.770,23.770,NA,,
B2_6_RY_RR_control_SB,2024-08-01 13:30:20.837,,D:/Simon/OneDrive - UGent/UGent-PC/Simon/Downloads/B2_6_RY_RR_control.mov,692.033,30.0,No focal subject,Trial start,,,POINT,23.933,23.933,NA,,
B5_3_BY_PR_control_SB,2024-08-01 23:40:54.735,,D:/Simon/OneDrive - UGent/UGent-PC/Simon/Downloads/B5_3_BY_PR_control.mov,654.200,25.0,No focal subject,Test arena entry,,,POINT,24.320,24.320,NA,,
B6_6_GY_BG_control_SB,2024-08-02 14:07:36.985,,D:/Simon/OneDrive - UGent/UGent-PC/Simon/Downloads/B6_6_GY_BG_control.mp4,662.267,30.0,No focal subject,Zone of Interest,,,STATE,24.367,113.133,88.766,,
B8_4_GG_GY_control_SB,2024-08-03 17:41:49.257,,D:/Simon/OneDrive - UGent/UGent-PC/Simon/Downloads/B8_4_GG_GY_control.mp4,662.069,30.0,No focal subject,Zone of Interest,,,STATE,24.437,115.003,90.566,,
B2_6_RY_RR_control_SB,2024-08-01 13:30:20.837,,D:/Simon/OneDrive - UGent/UGent-PC/Simon/Downloads/B2_6_RY_RR_control.mov,692.033,30.0,No focal subject,Test arena entry,,,POINT,24.966,24.966,NA,,
B2_8_PP_BB_novel_SB,2024-08-01 14:01:20.998,,D:/Simon/OneDrive - UGent/UGent-PC/Simon/Downloads/B2_8_PP_BB_novel.mov,707.367,30.0,No focal subject,Trial start,,,POINT,25.166,25.166,NA,,
B8_4_GG_GY_control_SB,2024-08-03 17:41:49.257,,D:/Simon/OneDrive - UGent/UGent-PC/Simon/Downloads/B8_4_GG_GY_control.mp4,662.069,30.0,No focal subject,Eating,,,POINT,25.203,25.203,NA,,
B4_1_A_novel_SB,2024-08-01 16:35:36.655,,D:/Simon/OneDrive - UGent/UGent-PC/Simon/Downloads/B4_1_A_novel.mp4,747.440,25.0,No focal subject,Trial start,,,POINT,25.280,25.280,NA,,
B6_6_GY_BG_control_SB,2024-08-02 14:07:36.985,,D:/Simon/OneDrive - UGent/UGent-PC/Simon/Downloads/B6_6_GY_BG_control.mp4,662.267,30.0,No focal subject,Eating,,,POINT,25.300,25.300,NA,,
B4_1_B_novel_SB,2024-08-01 16:45:32.788,,D:/Simon/OneDrive - UGent/UGent-PC/Simon/Downloads/B4_1_B_novel.mp4,720.760,25.0,blue,Zone of Interest,,,STATE,25.560,60.000,34.440,,
B4_5_A_novel,2024-08-01 17:30:36.732,,D:/Simon/OneDrive - UGent/UGent-PC/Simon/Downloads/B4_5_A_novel (1).mov,646.900,30.0,No focal subject,Trial start,,,POINT,25.600,25.600,NA,,
B2_8_PP_BB_novel_SB,2024-08-01 14:01:20.998,,D:/Simon/OneDrive - UGent/UGent-PC/Simon/Downloads/B2_8_PP_BB_novel.mov,707.367,30.0,No focal subject,Test arena entry,,,POINT,25.633,25.633,NA,,
B8_6_PY_BR_novel_SB,2024-08-03 17:56:08.353,,D:/Simon/OneDrive - UGent/UGent-PC/Simon/Downloads/B8_6_PY_BR_novel.mp4,647.534,30.0,No focal subject,Zone of Interest,,,STATE,25.933,129.267,103.334,,
B4_1_B_novel_SB,2024-08-01 16:45:32.788,,D:/Simon/OneDrive - UGent/UGent-PC/Simon/Downloads/B4_1_B_novel.mp4,720.760,25.0,black,Zone of Interest,,,STATE,26.040,94.320,68.280,,
B4_1_B_novel_SB,2024-08-01 16:45:32.788,,D:/Simon/OneDrive - UGent/UGent-PC/Simon/Downloads/B4_1_B_novel.mp4,720.760,25.0,blue,Eating,,,POINT,26.080,26.080,NA,,
B4_1_B_novel_SB,2024-08-01 16:45:32.788,,D:/Simon/OneDrive - UGent/UGent-PC/Simon/Downloads/B4_1_B_novel.mp4,720.760,25.0,redblue,Test arena entry,,,POINT,26.080,26.080,NA,,
B3_1_GR_GP_control_SB,2024-08-01 14:34:26.532,,D:/Simon/OneDrive - UGent/UGent-PC/Simon/Downloads/B3_1_GR_GP_control.mov,697.333,30.0,No focal subject,Trial start,,,POINT,26.266,26.266,NA,,
B4_5_A_novel,2024-08-01 17:30:36.732,,D:/Simon/OneDrive - UGent/UGent-PC/Simon/Downloads/B4_5_A_novel (1).mov,646.900,30.0,black,Test arena entry,,,POINT,26.800,26.800,NA,,
B4_5_A_novel,2024-08-01 17:30:36.732,,D:/Simon/OneDrive - UGent/UGent-PC/Simon/Downloads/B4_5_A_novel (1).mov,646.900,30.0,red,Test arena entry,,,POINT,26.867,26.867,NA,,
B5_7_PR_GG_control_SB,2024-08-02 10:31:30.941,,D:/Simon/OneDrive - UGent/UGent-PC/Simon/Downloads/B5_7_PR_GG_control (1).mp4,711.520,25.0,No focal subject,Zone of Interest,,,STATE,26.880,113.120,86.240,,
B4_5_A_novel,2024-08-01 17:30:36.732,,D:/Simon/OneDrive - UGent/UGent-PC/Simon/Downloads/B4_5_A_novel (1).mov,646.900,30.0,blue,Test arena entry,,,POINT,26.967,26.967,NA,,
B4_1_B_novel_SB,2024-08-01 16:45:32.788,,D:/Simon/OneDrive - UGent/UGent-PC/Simon/Downloads/B4_1_B_novel.mp4,720.760,25.0,black,Eating,,,POINT,27.080,27.080,NA,,
B5_3_BY_PR_control_SB,2024-08-01 23:40:54.735,,D:/Simon/OneDrive - UGent/UGent-PC/Simon/Downloads/B5_3_BY_PR_control.mov,654.200,25.0,No focal subject,Zone of Interest,,,STATE,27.280,85.440,58.160,,
B4_2_GP_BR_novel_SB,2024-08-01 17:16:47.962,,D:/Simon/OneDrive - UGent/UGent-PC/Simon/Downloads/B4_2_GP_BR_novel (1).mov,732.033,30.0,No focal subject,Zone of Interest,,,STATE,27.299,84.633,57.334,,
B7_1_GY_GP_control_SB,2024-08-02 12:41:20.930,,D:/Simon/OneDrive - UGent/UGent-PC/Simon/Downloads/B7_1_GY_GP_control (1).mp4,651.864,30.0,No focal subject,Zone of Interest,,,STATE,27.597,132.063,104.466,,
B5_5_RR_BY_novel_SB,2024-08-02 00:05:25.985,,D:/Simon/OneDrive - UGent/UGent-PC/Simon/Downloads/B5_5_RR_BY_novel (1).mov,643.600,30.0,No focal subject,Eating,,,POINT,27.699,27.699,NA,,
B4_5_A_novel,2024-08-01 17:30:36.732,,D:/Simon/OneDrive - UGent/UGent-PC/Simon/Downloads/B4_5_A_novel (1).mov,646.900,30.0,redblue,Test arena entry,,,POINT,27.800,27.800,NA,,
B5_3_BY_PR_control_SB,2024-08-01 23:40:54.735,,D:/Simon/OneDrive - UGent/UGent-PC/Simon/Downloads/B5_3_BY_PR_control.mov,654.200,25.0,No focal subject,Eating,,,POINT,28.160,28.160,NA,,
B5_7_PR_GG_control_SB,2024-08-02 10:31:30.941,,D:/Simon/OneDrive - UGent/UGent-PC/Simon/Downloads/B5_7_PR_GG_control (1).mp4,711.520,25.0,No focal subject,Eating,,,POINT,28.160,28.160,NA,,
B4_2_GP_BR_novel_SB,2024-08-01 17:16:47.962,,D:/Simon/OneDrive - UGent/UGent-PC/Simon/Downloads/B4_2_GP_BR_novel (1).mov,732.033,30.0,No focal subject,Eating,,,POINT,28.199,28.199,NA,,
B5_7_PP_RY_control_SB,2024-08-02 09:58:49.755,,D:/Simon/OneDrive - UGent/UGent-PC/Simon/Downloads/B5_7_PP_RY_control (1).mp4,866.520,25.0,No focal subject,Zone of Interest,,,STATE,28.360,39.200,10.840,,
B7_1_GY_GP_control_SB,2024-08-02 12:41:20.930,,D:/Simon/OneDrive - UGent/UGent-PC/Simon/Downloads/B7_1_GY_GP_control (1).mp4,651.864,30.0,No focal subject,Eating,,,POINT,28.497,28.497,NA,,
B4_5_A_novel,2024-08-01 17:30:36.732,,D:/Simon/OneDrive - UGent/UGent-PC/Simon/Downloads/B4_5_A_novel (1).mov,646.900,30.0,red,Zone of Interest,,,STATE,28.600,34.067,5.467,,
B4_5_A_novel,2024-08-01 17:30:36.732,,D:/Simon/OneDrive - UGent/UGent-PC/Simon/Downloads/B4_5_A_novel (1).mov,646.900,30.0,blue,Zone of Interest,,,STATE,28.600,55.333,26.733,,
B2_8_PP_BB_novel_SB,2024-08-01 14:01:20.998,,D:/Simon/OneDrive - UGent/UGent-PC/Simon/Downloads/B2_8_PP_BB_novel.mov,707.367,30.0,No focal subject,Zone of Interest,,,STATE,28.633,63.066,34.433,,
B5_1_PP_RY_novel_SB,2024-08-01 18:24:45.920,,D:/Simon/OneDrive - UGent/UGent-PC/Simon/Downloads/B5_1_PP_RY_novel (1).mp4,656.480,25.0,No focal subject,Trial start,,,POINT,28.880,28.880,NA,,
B4_5_A_novel,2024-08-01 17:30:36.732,,D:/Simon/OneDrive - UGent/UGent-PC/Simon/Downloads/B4_5_A_novel (1).mov,646.900,30.0,blue,Eating,,,POINT,29.067,29.067,NA,,
B2_8_PP_BB_novel_SB,2024-08-01 14:01:20.998,,D:/Simon/OneDrive - UGent/UGent-PC/Simon/Downloads/B2_8_PP_BB_novel.mov,707.367,30.0,No focal subject,Eating,,,POINT,29.466,29.466,NA,,
B5_7_PP_RY_control_SB,2024-08-02 09:58:49.755,,D:/Simon/OneDrive - UGent/UGent-PC/Simon/Downloads/B5_7_PP_RY_control (1).mp4,866.520,25.0,No focal subject,Eating,,,POINT,29.480,29.480,NA,,
B4_5_A_novel,2024-08-01 17:30:36.732,,D:/Simon/OneDrive - UGent/UGent-PC/Simon/Downloads/B4_5_A_novel (1).mov,646.900,30.0,red,Eating,,,POINT,29.567,29.567,NA,,
B4_5_A_novel,2024-08-01 17:30:36.732,,D:/Simon/OneDrive - UGent/UGent-PC/Simon/Downloads/B4_5_A_novel (1).mov,646.900,30.0,black,Zone of Interest,,,STATE,29.733,46.033,16.300,,
B7_1_GG_BR_control_SB,2024-08-02 12:37:40.637,,D:/Simon/OneDrive - UGent/UGent-PC/Simon/Downloads/B7_1_GG_BR_control (1).mp4,660.636,30.0,No focal subject,Trial start,,,POINT,29.970,29.970,NA,,
B4_5_A_novel,2024-08-01 17:30:36.732,,D:/Simon/OneDrive - UGent/UGent-PC/Simon/Downloads/B4_5_A_novel (1).mov,646.900,30.0,redblue,Zone of Interest,,,STATE,30.100,98.367,68.267,,
B4_5_A_novel,2024-08-01 17:30:36.732,,D:/Simon/OneDrive - UGent/UGent-PC/Simon/Downloads/B4_5_A_novel (1).mov,646.900,30.0,black,Eating,,,POINT,30.233,30.233,NA,,
B5_3_BG_BP_control_SB,2024-08-01 18:09:56.189,,D:/Simon/OneDrive - UGent/UGent-PC/Simon/Downloads/B5_3_BG_BP_control (1).mov,716.320,25.0,No focal subject,Trial start,,,POINT,30.360,30.360,NA,,
B4_5_A_novel,2024-08-01 17:30:36.732,,D:/Simon/OneDrive - UGent/UGent-PC/Simon/Downloads/B4_5_A_novel (1).mov,646.900,30.0,redblue,Eating,,,POINT,30.633,30.633,NA,,
B4_1_A_novel_SB,2024-08-01 16:35:36.655,,D:/Simon/OneDrive - UGent/UGent-PC/Simon/Downloads/B4_1_A_novel.mp4,747.440,25.0,redblue,Test arena entry,,,POINT,30.920,30.920,NA,,
B6_8_BY_PY_novel_SB,2024-08-02 14:13:11.538,,D:/Simon/OneDrive - UGent/UGent-PC/Simon/Downloads/B6_8_BY_PY_novel (1).mov,653.833,30.0,No focal subject,Zone of Interest,,,STATE,31.033,86.233,55.200,,
B2_6_RY_RR_control_SB,2024-08-01 13:30:20.837,,D:/Simon/OneDrive - UGent/UGent-PC/Simon/Downloads/B2_6_RY_RR_control.mov,692.033,30.0,No focal subject,Zone of Interest,,,STATE,31.300,108.466,77.166,,
B4_1_A_novel_SB,2024-08-01 16:35:36.655,,D:/Simon/OneDrive - UGent/UGent-PC/Simon/Downloads/B4_1_A_novel.mp4,747.440,25.0,red,Test arena entry,,,POINT,31.480,31.480,NA,,
B3_1_GR_GP_control_SB,2024-08-01 14:34:26.532,,D:/Simon/OneDrive - UGent/UGent-PC/Simon/Downloads/B3_1_GR_GP_control.mov,697.333,30.0,No focal subject,Test arena entry,,,POINT,31.499,31.499,NA,,
B4_1_A_novel_SB,2024-08-01 16:35:36.655,,D:/Simon/OneDrive - UGent/UGent-PC/Simon/Downloads/B4_1_A_novel.mp4,747.440,25.0,black,Test arena entry,,,POINT,31.560,31.560,NA,,
B5_3_BG_BP_control_SB,2024-08-01 18:09:56.189,,D:/Simon/OneDrive - UGent/UGent-PC/Simon/Downloads/B5_3_BG_BP_control (1).mov,716.320,25.0,No focal subject,Test arena entry,,,POINT,31.600,31.600,NA,,
B4_1_A_novel_SB,2024-08-01 16:35:36.655,,D:/Simon/OneDrive - UGent/UGent-PC/Simon/Downloads/B4_1_A_novel.mp4,747.440,25.0,blue,Test arena entry,,,POINT,31.720,31.720,NA,,
B7_1_GG_BR_control_SB,2024-08-02 12:37:40.637,,D:/Simon/OneDrive - UGent/UGent-PC/Simon/Downloads/B7_1_GG_BR_control (1).mp4,660.636,30.0,No focal subject,Test arena entry,,,POINT,31.737,31.737,NA,,
B5_1_PP_RY_novel_SB,2024-08-01 18:24:45.920,,D:/Simon/OneDrive - UGent/UGent-PC/Simon/Downloads/B5_1_PP_RY_novel (1).mp4,656.480,25.0,No focal subject,Test arena entry,,,POINT,31.960,31.960,NA,,
B9_3_GP_BB_control_SB,2024-08-03 18:23:22.448,,D:/Simon/OneDrive - UGent/UGent-PC/Simon/Downloads/B9_3_GP_BB_control.mp4,685.133,30.0,No focal subject,Trial start,,,POINT,32.133,32.133,NA,,
B4_6_BB_BP_novel_SB,2024-08-01 17:46:13.208,,D:/Simon/OneDrive - UGent/UGent-PC/Simon/Downloads/B4_6_BB_BP_novel (1).mp4,655.040,25.0,No focal subject,Trial start,,,POINT,32.640,32.640,NA,,
B2_6_RY_RR_control_SB,2024-08-01 13:30:20.837,,D:/Simon/OneDrive - UGent/UGent-PC/Simon/Downloads/B2_6_RY_RR_control.mov,692.033,30.0,No focal subject,Eating,,,POINT,32.900,32.900,NA,,
B3_1_GR_BY_control_SB,2024-08-01 14:28:45.569,,D:/Simon/OneDrive - UGent/UGent-PC/Simon/Downloads/B3_1_GR_BY_control.mp4,689.033,30.0,No focal subject,Trial start,,,POINT,33.300,33.300,NA,,
B4_6_BB_BP_novel_SB,2024-08-01 17:46:13.208,,D:/Simon/OneDrive - UGent/UGent-PC/Simon/Downloads/B4_6_BB_BP_novel (1).mp4,655.040,25.0,No focal subject,Test arena entry,,,POINT,33.600,33.600,NA,,
B5_1_BY_PR_novel_SB,2024-08-01 18:18:09.137,,D:/Simon/OneDrive - UGent/UGent-PC/Simon/Downloads/B5_1_BY_PR_novel (1).mp4,664.120,25.0,No focal subject,Test arena entry,,,POINT,33.840,33.840,NA,,
B7_1_GG_BR_control_SB,2024-08-02 12:37:40.637,,D:/Simon/OneDrive - UGent/UGent-PC/Simon/Downloads/B7_1_GG_BR_control (1).mp4,660.636,30.0,No focal subject,Zone of Interest,,,STATE,34.037,86.970,52.933,,
B9_3_GP_BB_control_SB,2024-08-03 18:23:22.448,,D:/Simon/OneDrive - UGent/UGent-PC/Simon/Downloads/B9_3_GP_BB_control.mp4,685.133,30.0,No focal subject,Test arena entry,,,POINT,34.133,34.133,NA,,
B4_1_A_novel_SB,2024-08-01 16:35:36.655,,D:/Simon/OneDrive - UGent/UGent-PC/Simon/Downloads/B4_1_A_novel.mp4,747.440,25.0,blue,Zone of Interest,,,STATE,34.360,81.840,47.480,,
B6_8_BY_PY_novel_SB,2024-08-02 14:13:11.538,,D:/Simon/OneDrive - UGent/UGent-PC/Simon/Downloads/B6_8_BY_PY_novel (1).mov,653.833,30.0,No focal subject,Eating,,,POINT,34.433,34.433,NA,,
B4_1_A_novel_SB,2024-08-01 16:35:36.655,,D:/Simon/OneDrive - UGent/UGent-PC/Simon/Downloads/B4_1_A_novel.mp4,747.440,25.0,redblue,Zone of Interest,,,STATE,34.480,87.480,53.000,,
B7_1_GG_BR_control_SB,2024-08-02 12:37:40.637,,D:/Simon/OneDrive - UGent/UGent-PC/Simon/Downloads/B7_1_GG_BR_control (1).mp4,660.636,30.0,No focal subject,Eating,,,POINT,34.503,34.503,NA,,
B3_1_GR_BY_control_SB,2024-08-01 14:28:45.569,,D:/Simon/OneDrive - UGent/UGent-PC/Simon/Downloads/B3_1_GR_BY_control.mp4,689.033,30.0,No focal subject,Test arena entry,,,POINT,34.733,34.733,NA,,
B4_1_A_novel_SB,2024-08-01 16:35:36.655,,D:/Simon/OneDrive - UGent/UGent-PC/Simon/Downloads/B4_1_A_novel.mp4,747.440,25.0,blue,Eating,,,POINT,34.800,34.800,NA,,
B4_1_A_novel_SB,2024-08-01 16:35:36.655,,D:/Simon/OneDrive - UGent/UGent-PC/Simon/Downloads/B4_1_A_novel.mp4,747.440,25.0,black,Zone of Interest,,,STATE,34.960,123.400,88.440,,
B5_3_BG_BP_control_SB,2024-08-01 18:09:56.189,,D:/Simon/OneDrive - UGent/UGent-PC/Simon/Downloads/B5_3_BG_BP_control (1).mov,716.320,25.0,No focal subject,Zone of Interest,,,STATE,35.040,106.960,71.920,,
B4_1_A_novel_SB,2024-08-01 16:35:36.655,,D:/Simon/OneDrive - UGent/UGent-PC/Simon/Downloads/B4_1_A_novel.mp4,747.440,25.0,black,Eating,,,POINT,35.320,35.320,NA,,
B4_1_A_novel_SB,2024-08-01 16:35:36.655,,D:/Simon/OneDrive - UGent/UGent-PC/Simon/Downloads/B4_1_A_novel.mp4,747.440,25.0,redblue,Eating,,,POINT,35.360,35.360,NA,,
B5_3_BG_BP_control_SB,2024-08-01 18:09:56.189,,D:/Simon/OneDrive - UGent/UGent-PC/Simon/Downloads/B5_3_BG_BP_control (1).mov,716.320,25.0,No focal subject,Eating,,,POINT,35.640,35.640,NA,,
B8_6_PY_BR_novel_SB,2024-08-03 17:56:08.353,,D:/Simon/OneDrive - UGent/UGent-PC/Simon/Downloads/B8_6_PY_BR_novel.mp4,647.534,30.0,No focal subject,Eating,,,POINT,35.700,35.700,NA,,
B4_1_A_novel_SB,2024-08-01 16:35:36.655,,D:/Simon/OneDrive - UGent/UGent-PC/Simon/Downloads/B4_1_A_novel.mp4,747.440,25.0,red,Zone of Interest,,,STATE,35.840,70.960,35.120,,
B2_8_YY_PP_novel_SB,2024-08-01 14:24:05.953,,D:/Simon/OneDrive - UGent/UGent-PC/Simon/Downloads/B2_8_YY_PP_novel.mov,683.400,30.0,No focal subject,Trial start,,,POINT,36.033,36.033,NA,,
B4_1_A_novel_SB,2024-08-01 16:35:36.655,,D:/Simon/OneDrive - UGent/UGent-PC/Simon/Downloads/B4_1_A_novel.mp4,747.440,25.0,red,Eating,,,POINT,36.320,36.320,NA,,
B4_6_BB_BP_novel_SB,2024-08-01 17:46:13.208,,D:/Simon/OneDrive - UGent/UGent-PC/Simon/Downloads/B4_6_BB_BP_novel (1).mp4,655.040,25.0,No focal subject,Zone of Interest,,,STATE,36.640,76.400,39.760,,
B3_3_PY_BP_novel_SB,2024-08-01 14:46:23.076,,D:/Simon/OneDrive - UGent/UGent-PC/Simon/Downloads/B3_3_PY_BP_novel.mp4,722.070,30.0,No focal subject,Trial start,,,POINT,36.803,36.803,NA,,
B3_3_PY_BP_novel_SB,2024-08-01 14:46:23.076,,D:/Simon/OneDrive - UGent/UGent-PC/Simon/Downloads/B3_3_PY_BP_novel.mp4,722.070,30.0,No focal subject,Test arena entry,,,POINT,37.203,37.203,NA,,
B7_8_B_control_SB,2024-08-03 16:39:30.305,,D:/Simon/OneDrive - UGent/UGent-PC/Simon/Downloads/B7_8_B_control (1).mov,661.033,30.0,black,Zone of Interest,,,STATE,37.300,56.500,19.200,,
B2_8_YY_PP_novel_SB,2024-08-01 14:24:05.953,,D:/Simon/OneDrive - UGent/UGent-PC/Simon/Downloads/B2_8_YY_PP_novel.mov,683.400,30.0,No focal subject,Test arena entry,,,POINT,37.999,37.999,NA,,
B4_6_BB_BP_novel_SB,2024-08-01 17:46:13.208,,D:/Simon/OneDrive - UGent/UGent-PC/Simon/Downloads/B4_6_BB_BP_novel (1).mp4,655.040,25.0,No focal subject,Eating,,,POINT,38.240,38.240,NA,,
B3_1_GR_BY_control_SB,2024-08-01 14:28:45.569,,D:/Simon/OneDrive - UGent/UGent-PC/Simon/Downloads/B3_1_GR_BY_control.mp4,689.033,30.0,No focal subject,Zone of Interest,,,STATE,38.533,95.667,57.134,,
B9_1_PP_GP_novel_SB,2024-08-03 18:14:38.925,,D:/Simon/OneDrive - UGent/UGent-PC/Simon/Downloads/B9_1_PP_GP_novel.mp4,679.669,30.0,No focal subject,Zone of Interest,,,STATE,38.837,67.870,29.033,,
B9_3_GP_BB_control_SB,2024-08-03 18:23:22.448,,D:/Simon/OneDrive - UGent/UGent-PC/Simon/Downloads/B9_3_GP_BB_control.mp4,685.133,30.0,No focal subject,Zone of Interest,,,STATE,39.100,155.833,116.733,,
B3_1_GR_GP_control_SB,2024-08-01 14:34:26.532,,D:/Simon/OneDrive - UGent/UGent-PC/Simon/Downloads/B3_1_GR_GP_control.mov,697.333,30.0,No focal subject,Zone of Interest,,,STATE,39.266,72.733,33.467,,
B3_1_GR_BY_control_SB,2024-08-01 14:28:45.569,,D:/Simon/OneDrive - UGent/UGent-PC/Simon/Downloads/B3_1_GR_BY_control.mp4,689.033,30.0,No focal subject,Eating,,,POINT,39.467,39.467,NA,,
B9_3_GP_BB_control_SB,2024-08-03 18:23:22.448,,D:/Simon/OneDrive - UGent/UGent-PC/Simon/Downloads/B9_3_GP_BB_control.mp4,685.133,30.0,No focal subject,Eating,,,POINT,39.900,39.900,NA,,
B9_1_PP_GP_novel_SB,2024-08-03 18:14:38.925,,D:/Simon/OneDrive - UGent/UGent-PC/Simon/Downloads/B9_1_PP_GP_novel.mp4,679.669,30.0,No focal subject,Eating,,,POINT,40.337,40.337,NA,,
B3_1_GR_GP_control_SB,2024-08-01 14:34:26.532,,D:/Simon/OneDrive - UGent/UGent-PC/Simon/Downloads/B3_1_GR_GP_control.mov,697.333,30.0,No focal subject,Eating,,,POINT,40.533,40.533,NA,,
B4_1_B_novel_SB,2024-08-01 16:45:32.788,,D:/Simon/OneDrive - UGent/UGent-PC/Simon/Downloads/B4_1_B_novel.mp4,720.760,25.0,redblue,Zone of Interest,,,STATE,42.520,54.040,11.520,,
B4_1_B_novel_SB,2024-08-01 16:45:32.788,,D:/Simon/OneDrive - UGent/UGent-PC/Simon/Downloads/B4_1_B_novel.mp4,720.760,25.0,red,Test arena entry,,,POINT,42.600,42.600,NA,,
B5_1_BY_PR_novel_SB,2024-08-01 18:18:09.137,,D:/Simon/OneDrive - UGent/UGent-PC/Simon/Downloads/B5_1_BY_PR_novel (1).mp4,664.120,25.0,No focal subject,Zone of Interest,,,STATE,42.880,66.240,23.360,,
B4_1_B_novel_SB,2024-08-01 16:45:32.788,,D:/Simon/OneDrive - UGent/UGent-PC/Simon/Downloads/B4_1_B_novel.mp4,720.760,25.0,redblue,Eating,,,POINT,43.000,43.000,NA,,
B2_8_YY_PP_novel_SB,2024-08-01 14:24:05.953,,D:/Simon/OneDrive - UGent/UGent-PC/Simon/Downloads/B2_8_YY_PP_novel.mov,683.400,30.0,No focal subject,Zone of Interest,,,STATE,43.466,130.166,86.700,,
B5_1_BY_PR_novel_SB,2024-08-01 18:18:09.137,,D:/Simon/OneDrive - UGent/UGent-PC/Simon/Downloads/B5_1_BY_PR_novel (1).mp4,664.120,25.0,No focal subject,Eating,,,POINT,44.000,44.000,NA,,
B2_4_GR_PP_novel_SB,2024-08-01 12:00:36.011,,D:/Simon/OneDrive - UGent/UGent-PC/Simon/Downloads/B2_4_GR_PP_novel.mp4,694.464,30.0,No focal subject,Trial start,,,POINT,44.063,44.063,NA,,
B7_7_BR_GR_novel_SB,2024-08-03 16:35:08.258,,D:/Simon/OneDrive - UGent/UGent-PC/Simon/Downloads/B7_7_BR_GR_novel (1).mov,654.840,25.0,No focal subject,Zone of Interest,,,STATE,44.480,62.760,18.280,,
B2_4_GR_PP_novel_SB,2024-08-01 12:00:36.011,,D:/Simon/OneDrive - UGent/UGent-PC/Simon/Downloads/B2_4_GR_PP_novel.mp4,694.464,30.0,No focal subject,Test arena entry,,,POINT,45.430,45.430,NA,,
B3_3_BP_BP_novel_SB,2024-08-01 14:40:44.938,,D:/Simon/OneDrive - UGent/UGent-PC/Simon/Downloads/B3_3_BP_BP_novel.mp4,757.267,30.0,No focal subject,Trial start,,,POINT,45.667,45.667,NA,,
B4_5_A_novel,2024-08-01 17:30:36.732,,D:/Simon/OneDrive - UGent/UGent-PC/Simon/Downloads/B4_5_A_novel (1).mov,646.900,30.0,red,Zone of Interest,,,STATE,45.867,58.600,12.733,,
B3_3_BP_BP_novel_SB,2024-08-01 14:40:44.938,,D:/Simon/OneDrive - UGent/UGent-PC/Simon/Downloads/B3_3_BP_BP_novel.mp4,757.267,30.0,No focal subject,Test arena entry,,,POINT,46.200,46.200,NA,,
B6_3_B_novel_SB,2024-08-02 13:09:00.698,,D:/Simon/OneDrive - UGent/UGent-PC/Simon/Downloads/B6_3_B_novel (1).mov,702.033,30.0,redblack,Zone of Interest,,,STATE,48.300,59.666,11.366,,
B2_4_GR_PP_novel_SB,2024-08-01 12:00:36.011,,D:/Simon/OneDrive - UGent/UGent-PC/Simon/Downloads/B2_4_GR_PP_novel.mp4,694.464,30.0,No focal subject,Zone of Interest,,,STATE,48.630,85.130,36.500,,
B3_3_BP_BP_novel_SB,2024-08-01 14:40:44.938,,D:/Simon/OneDrive - UGent/UGent-PC/Simon/Downloads/B3_3_BP_BP_novel.mp4,757.267,30.0,No focal subject,Zone of Interest,,,STATE,49.100,146.167,97.067,,
B3_3_BP_BP_novel_SB,2024-08-01 14:40:44.938,,D:/Simon/OneDrive - UGent/UGent-PC/Simon/Downloads/B3_3_BP_BP_novel.mp4,757.267,30.0,No focal subject,Eating,,,POINT,49.500,49.500,NA,,
B2_4_GR_PP_novel_SB,2024-08-01 12:00:36.011,,D:/Simon/OneDrive - UGent/UGent-PC/Simon/Downloads/B2_4_GR_PP_novel.mp4,694.464,30.0,No focal subject,Eating,,,POINT,51.230,51.230,NA,,
B6_8_GY_BG_novel_SB,2024-08-02 14:21:23.182,,D:/Simon/OneDrive - UGent/UGent-PC/Simon/Downloads/B6_8_GY_BG_novel.mov,686.633,30.0,No focal subject,Zone of Interest,,,STATE,52.800,53.867,1.067,,
B2_8_YY_PP_novel_SB,2024-08-01 14:24:05.953,,D:/Simon/OneDrive - UGent/UGent-PC/Simon/Downloads/B2_8_YY_PP_novel.mov,683.400,30.0,No focal subject,Eating,,,POINT,54.033,54.033,NA,,
B6_8_GY_BG_novel_SB,2024-08-02 14:21:23.182,,D:/Simon/OneDrive - UGent/UGent-PC/Simon/Downloads/B6_8_GY_BG_novel.mov,686.633,30.0,No focal subject,Zone of Interest,,,STATE,55.033,118.567,63.534,,
B4_5_A_novel,2024-08-01 17:30:36.732,,D:/Simon/OneDrive - UGent/UGent-PC/Simon/Downloads/B4_5_A_novel (1).mov,646.900,30.0,black,Zone of Interest,,,STATE,55.100,57.367,2.267,,
B6_8_GY_BG_novel_SB,2024-08-02 14:21:23.182,,D:/Simon/OneDrive - UGent/UGent-PC/Simon/Downloads/B6_8_GY_BG_novel.mov,686.633,30.0,No focal subject,Eating,,,POINT,56.367,56.367,NA,,
B5_8_A_novel_SB,2024-08-02 10:40:06.426,,D:/Simon/OneDrive - UGent/UGent-PC/Simon/Downloads/B5_8_A_novel (1).mp4,728.040,25.0,black,Zone of Interest,,,STATE,57.400,239.720,182.320,,
B7_8_B_control_SB,2024-08-03 16:39:30.305,,D:/Simon/OneDrive - UGent/UGent-PC/Simon/Downloads/B7_8_B_control (1).mov,661.033,30.0,blue,Zone of Interest,,,STATE,57.700,128.067,70.367,,
B4_5_A_novel,2024-08-01 17:30:36.732,,D:/Simon/OneDrive - UGent/UGent-PC/Simon/Downloads/B4_5_A_novel (1).mov,646.900,30.0,black,Zone of Interest,,,STATE,58.867,78.700,19.833,,
B6_1_B_control_SB,2024-08-02 11:21:45.698,,D:/Simon/OneDrive - UGent/UGent-PC/Simon/Downloads/B6_1_B_control (1).mp4,657.864,30.0,black,Zone of Interest,,,STATE,63.263,83.297,20.034,,
B7_8_B_control_SB,2024-08-03 16:39:30.305,,D:/Simon/OneDrive - UGent/UGent-PC/Simon/Downloads/B7_8_B_control (1).mov,661.033,30.0,redblue,Zone of Interest,,,STATE,66.300,81.700,15.400,,
B7_4_B_control_SB,2024-08-02 14:40:34.108,,D:/Simon/OneDrive - UGent/UGent-PC/Simon/Downloads/B7_4_B_control.mov,679.800,30.0,blue,Zone of Interest,,,STATE,68.266,69.433,1.167,,
B6_3_B_novel_SB,2024-08-02 13:09:00.698,,D:/Simon/OneDrive - UGent/UGent-PC/Simon/Downloads/B6_3_B_novel (1).mov,702.033,30.0,black,Zone of Interest,,,STATE,71.533,119.166,47.633,,
B6_3_B_novel_SB,2024-08-02 13:09:00.698,,D:/Simon/OneDrive - UGent/UGent-PC/Simon/Downloads/B6_3_B_novel (1).mov,702.033,30.0,redblack,Zone of Interest,,,STATE,74.000,130.833,56.833,,
B4_5_A_novel,2024-08-01 17:30:36.732,,D:/Simon/OneDrive - UGent/UGent-PC/Simon/Downloads/B4_5_A_novel (1).mov,646.900,30.0,red,Zone of Interest,,,STATE,75.333,82.467,7.134,,
B4_1_A_novel_SB,2024-08-01 16:35:36.655,,D:/Simon/OneDrive - UGent/UGent-PC/Simon/Downloads/B4_1_A_novel.mp4,747.440,25.0,red,Zone of Interest,,,STATE,77.800,81.680,3.880,,
B7_8_B_control_SB,2024-08-03 16:39:30.305,,D:/Simon/OneDrive - UGent/UGent-PC/Simon/Downloads/B7_8_B_control (1).mov,661.033,30.0,black,Zone of Interest,,,STATE,78.667,79.067,0.400,,
B5_8_A_novel_SB,2024-08-02 10:40:06.426,,D:/Simon/OneDrive - UGent/UGent-PC/Simon/Downloads/B5_8_A_novel (1).mp4,728.040,25.0,blue,Zone of Interest,,,STATE,78.680,85.480,6.800,,
B7_8_B_control_SB,2024-08-03 16:39:30.305,,D:/Simon/OneDrive - UGent/UGent-PC/Simon/Downloads/B7_8_B_control (1).mov,661.033,30.0,black,Zone of Interest,,,STATE,80.067,81.533,1.466,,
B7_8_B_control_SB,2024-08-03 16:39:30.305,,D:/Simon/OneDrive - UGent/UGent-PC/Simon/Downloads/B7_8_B_control (1).mov,661.033,30.0,black,Zone of Interest,,,STATE,81.833,114.867,33.034,,
B4_1_B_novel_SB,2024-08-01 16:45:32.788,,D:/Simon/OneDrive - UGent/UGent-PC/Simon/Downloads/B4_1_B_novel.mp4,720.760,25.0,redblue,Zone of Interest,,,STATE,82.280,84.920,2.640,,
B9_5_BG_PR_novel_SB,2024-08-03 19:08:57.497,,D:/Simon/OneDrive - UGent/UGent-PC/Simon/Downloads/B9_5_BG_PR_novel.mp4,649.967,30.0,No focal subject,Zone of Interest,,,STATE,85.967,405.833,319.866,,
B7_4_B_control_SB,2024-08-02 14:40:34.108,,D:/Simon/OneDrive - UGent/UGent-PC/Simon/Downloads/B7_4_B_control.mov,679.800,30.0,redblack,Zone of Interest,,,STATE,87.499,156.033,68.534,,
B9_5_BG_PR_novel_SB,2024-08-03 19:08:57.497,,D:/Simon/OneDrive - UGent/UGent-PC/Simon/Downloads/B9_5_BG_PR_novel.mp4,649.967,30.0,No focal subject,Eating,,,POINT,88.267,88.267,NA,,
B2_5_A_control_SB,2024-08-01 13:04:27.532,,D:/Simon/OneDrive - UGent/UGent-PC/Simon/Downloads/B2_5_A_control.mov,750.600,30.0,No focal subject,Trial start,,,POINT,88.767,88.767,NA,,
B2_5_A_control_SB,2024-08-01 13:04:27.532,,D:/Simon/OneDrive - UGent/UGent-PC/Simon/Downloads/B2_5_A_control.mov,750.600,30.0,red,Test arena entry,,,POINT,89.567,89.567,NA,,
B2_5_A_control_SB,2024-08-01 13:04:27.532,,D:/Simon/OneDrive - UGent/UGent-PC/Simon/Downloads/B2_5_A_control.mov,750.600,30.0,blue,Test arena entry,,,POINT,89.667,89.667,NA,,
B2_5_A_control_SB,2024-08-01 13:04:27.532,,D:/Simon/OneDrive - UGent/UGent-PC/Simon/Downloads/B2_5_A_control.mov,750.600,30.0,redblue,Test arena entry,,,POINT,89.667,89.667,NA,,
B2_5_A_control_SB,2024-08-01 13:04:27.532,,D:/Simon/OneDrive - UGent/UGent-PC/Simon/Downloads/B2_5_A_control.mov,750.600,30.0,black,Test arena entry,,,POINT,90.233,90.233,NA,,
B2_5_A_control_SB,2024-08-01 13:04:27.532,,D:/Simon/OneDrive - UGent/UGent-PC/Simon/Downloads/B2_5_A_control.mov,750.600,30.0,red,Zone of Interest,,,STATE,91.300,136.033,44.733,,
B4_2_PP_GY_novel_SB,2024-08-01 17:21:25.220,,D:/Simon/OneDrive - UGent/UGent-PC/Simon/Downloads/B4_2_PP_GY_novel (1).mov,816.200,30.0,No focal subject,Test arena entry,,,POINT,91.433,91.433,NA,,
B2_5_A_control_SB,2024-08-01 13:04:27.532,,D:/Simon/OneDrive - UGent/UGent-PC/Simon/Downloads/B2_5_A_control.mov,750.600,30.0,blue,Zone of Interest,,,STATE,91.467,121.833,30.366,,
B2_5_A_control_SB,2024-08-01 13:04:27.532,,D:/Simon/OneDrive - UGent/UGent-PC/Simon/Downloads/B2_5_A_control.mov,750.600,30.0,red,Eating,,,POINT,91.633,91.633,NA,,
B2_5_A_control_SB,2024-08-01 13:04:27.532,,D:/Simon/OneDrive - UGent/UGent-PC/Simon/Downloads/B2_5_A_control.mov,750.600,30.0,blue,Eating,,,POINT,91.767,91.767,NA,,
B2_5_A_control_SB,2024-08-01 13:04:27.532,,D:/Simon/OneDrive - UGent/UGent-PC/Simon/Downloads/B2_5_A_control.mov,750.600,30.0,redblue,Zone of Interest,,,STATE,91.767,188.933,97.166,,
B2_5_A_control_SB,2024-08-01 13:04:27.532,,D:/Simon/OneDrive - UGent/UGent-PC/Simon/Downloads/B2_5_A_control.mov,750.600,30.0,black,Zone of Interest,,,STATE,92.767,102.467,9.700,,
B2_5_A_control_SB,2024-08-01 13:04:27.532,,D:/Simon/OneDrive - UGent/UGent-PC/Simon/Downloads/B2_5_A_control.mov,750.600,30.0,redblue,Eating,,,POINT,92.767,92.767,NA,,
B2_5_A_control_SB,2024-08-01 13:04:27.532,,D:/Simon/OneDrive - UGent/UGent-PC/Simon/Downloads/B2_5_A_control.mov,750.600,30.0,black,Eating,,,POINT,93.467,93.467,NA,,
B4_1_A_novel_SB,2024-08-01 16:35:36.655,,D:/Simon/OneDrive - UGent/UGent-PC/Simon/Downloads/B4_1_A_novel.mp4,747.440,25.0,blue,Zone of Interest,,,STATE,98.280,123.280,25.000,,
B7_4_B_control_SB,2024-08-02 14:40:34.108,,D:/Simon/OneDrive - UGent/UGent-PC/Simon/Downloads/B7_4_B_control.mov,679.800,30.0,redblue,Zone of Interest,,,STATE,98.666,131.699,33.033,,
B6_1_B_control_SB,2024-08-02 11:21:45.698,,D:/Simon/OneDrive - UGent/UGent-PC/Simon/Downloads/B6_1_B_control (1).mp4,657.864,30.0,redblack,Zone of Interest,,,STATE,107.697,132.963,25.266,,
B6_8_BY_PY_novel_SB,2024-08-02 14:13:11.538,,D:/Simon/OneDrive - UGent/UGent-PC/Simon/Downloads/B6_8_BY_PY_novel (1).mov,653.833,30.0,No focal subject,Zone of Interest,,,STATE,115.233,120.333,5.100,,
B7_4_B_control_SB,2024-08-02 14:40:34.108,,D:/Simon/OneDrive - UGent/UGent-PC/Simon/Downloads/B7_4_B_control.mov,679.800,30.0,blue,Zone of Interest,,,STATE,115.833,165.899,50.066,,
B6_8_BY_PY_novel_SB,2024-08-02 14:13:11.538,,D:/Simon/OneDrive - UGent/UGent-PC/Simon/Downloads/B6_8_BY_PY_novel (1).mov,653.833,30.0,No focal subject,Zone of Interest,,,STATE,123.867,160.567,36.700,,
B4_5_A_novel,2024-08-01 17:30:36.732,,D:/Simon/OneDrive - UGent/UGent-PC/Simon/Downloads/B4_5_A_novel (1).mov,646.900,30.0,redblue,Zone of Interest,,,STATE,124.833,125.367,0.534,,
B6_1_B_control_SB,2024-08-02 11:21:45.698,,D:/Simon/OneDrive - UGent/UGent-PC/Simon/Downloads/B6_1_B_control (1).mp4,657.864,30.0,black,Zone of Interest,,,STATE,132.197,133.097,0.900,,
B7_8_B_control_SB,2024-08-03 16:39:30.305,,D:/Simon/OneDrive - UGent/UGent-PC/Simon/Downloads/B7_8_B_control (1).mov,661.033,30.0,redblue,Zone of Interest,,,STATE,136.433,194.600,58.167,,
B2_5_A_control_SB,2024-08-01 13:04:27.532,,D:/Simon/OneDrive - UGent/UGent-PC/Simon/Downloads/B2_5_A_control.mov,750.600,30.0,blue,Zone of Interest,,,STATE,144.367,177.400,33.033,,
B9_7_PP_GP_control_SB,2024-08-02 11:37:55.907,,D:/Simon/OneDrive - UGent/UGent-PC/Simon/Downloads/B9_7_PP_GP_control.mp4,663.663,30.0,No focal subject,Zone of Interest,,,STATE,152.930,328.730,175.800,,
B9_1_GP_BB_novel_SB,2024-08-03 18:09:51.375,,D:/Simon/OneDrive - UGent/UGent-PC/Simon/Downloads/B9_1_GP_BB_novel (1).mp4,820.169,30.0,No focal subject,Zone of Interest,,,STATE,154.670,203.137,48.467,,
B7_8_B_control_SB,2024-08-03 16:39:30.305,,D:/Simon/OneDrive - UGent/UGent-PC/Simon/Downloads/B7_8_B_control (1).mov,661.033,30.0,blue,Zone of Interest,,,STATE,155.733,231.467,75.734,,
B6_3_B_novel_SB,2024-08-02 13:09:00.698,,D:/Simon/OneDrive - UGent/UGent-PC/Simon/Downloads/B6_3_B_novel (1).mov,702.033,30.0,redblack,Zone of Interest,,,STATE,161.033,161.500,0.467,,
B7_2_B_novel_SB,2024-08-02 12:45:58.766,,D:/Simon/OneDrive - UGent/UGent-PC/Simon/Downloads/B7_2_B_novel (1).mov,691.583,24.0,blue,Zone of Interest,,,STATE,163.416,197.374,33.958,,
B9_1_GP_BB_novel_SB,2024-08-03 18:09:51.375,,D:/Simon/OneDrive - UGent/UGent-PC/Simon/Downloads/B9_1_GP_BB_novel (1).mp4,820.169,30.0,No focal subject,Eating,,,POINT,167.337,167.337,NA,,
B7_4_B_control_SB,2024-08-02 14:40:34.108,,D:/Simon/OneDrive - UGent/UGent-PC/Simon/Downloads/B7_4_B_control.mov,679.800,30.0,black,Zone of Interest,,,STATE,167.433,196.366,28.933,,
B5_8_A_novel_SB,2024-08-02 10:40:06.426,,D:/Simon/OneDrive - UGent/UGent-PC/Simon/Downloads/B5_8_A_novel (1).mp4,728.040,25.0,redblue,Zone of Interest,,,STATE,188.560,239.320,50.760,,
B2_5_A_control_SB,2024-08-01 13:04:27.532,,D:/Simon/OneDrive - UGent/UGent-PC/Simon/Downloads/B2_5_A_control.mov,750.600,30.0,redblue,Zone of Interest,,,STATE,193.167,195.367,2.200,,
B2_5_A_control_SB,2024-08-01 13:04:27.532,,D:/Simon/OneDrive - UGent/UGent-PC/Simon/Downloads/B2_5_A_control.mov,750.600,30.0,blue,Zone of Interest,,,STATE,195.367,292.433,97.066,,
B2_7_A_novel_SB,2024-08-01 13:39:14.835,,D:/Simon/OneDrive - UGent/UGent-PC/Simon/Downloads/B2_7_A_novel.mov,921.367,30.0,No focal subject,Trial start,,,POINT,203.299,203.299,NA,,
B2_7_A_novel_SB,2024-08-01 13:39:14.835,,D:/Simon/OneDrive - UGent/UGent-PC/Simon/Downloads/B2_7_A_novel.mov,921.367,30.0,blue,Test arena entry,,,POINT,203.499,203.499,NA,,
B2_7_A_novel_SB,2024-08-01 13:39:14.835,,D:/Simon/OneDrive - UGent/UGent-PC/Simon/Downloads/B2_7_A_novel.mov,921.367,30.0,red,Test arena entry,,,POINT,203.799,203.799,NA,,
B2_7_A_novel_SB,2024-08-01 13:39:14.835,,D:/Simon/OneDrive - UGent/UGent-PC/Simon/Downloads/B2_7_A_novel.mov,921.367,30.0,redblue,Test arena entry,,,POINT,204.199,204.199,NA,,
B2_7_A_novel_SB,2024-08-01 13:39:14.835,,D:/Simon/OneDrive - UGent/UGent-PC/Simon/Downloads/B2_7_A_novel.mov,921.367,30.0,black,Test arena entry,,,POINT,204.766,204.766,NA,,
B2_7_A_novel_SB,2024-08-01 13:39:14.835,,D:/Simon/OneDrive - UGent/UGent-PC/Simon/Downloads/B2_7_A_novel.mov,921.367,30.0,red,Zone of Interest,,,STATE,205.666,256.833,51.167,,
B2_7_A_novel_SB,2024-08-01 13:39:14.835,,D:/Simon/OneDrive - UGent/UGent-PC/Simon/Downloads/B2_7_A_novel.mov,921.367,30.0,blue,Zone of Interest,,,STATE,206.066,257.366,51.300,,
B2_7_A_novel_SB,2024-08-01 13:39:14.835,,D:/Simon/OneDrive - UGent/UGent-PC/Simon/Downloads/B2_7_A_novel.mov,921.367,30.0,red,Eating,,,POINT,206.599,206.599,NA,,
B2_7_A_novel_SB,2024-08-01 13:39:14.835,,D:/Simon/OneDrive - UGent/UGent-PC/Simon/Downloads/B2_7_A_novel.mov,921.367,30.0,blue,Eating,,,POINT,206.699,206.699,NA,,
B2_7_A_novel_SB,2024-08-01 13:39:14.835,,D:/Simon/OneDrive - UGent/UGent-PC/Simon/Downloads/B2_7_A_novel.mov,921.367,30.0,redblue,Zone of Interest,,,STATE,206.733,254.433,47.700,,
B2_7_A_novel_SB,2024-08-01 13:39:14.835,,D:/Simon/OneDrive - UGent/UGent-PC/Simon/Downloads/B2_7_A_novel.mov,921.367,30.0,black,Zone of Interest,,,STATE,206.866,224.133,17.267,,
B2_7_A_novel_SB,2024-08-01 13:39:14.835,,D:/Simon/OneDrive - UGent/UGent-PC/Simon/Downloads/B2_7_A_novel.mov,921.367,30.0,black,Eating,,,POINT,207.499,207.499,NA,,
B2_7_A_novel_SB,2024-08-01 13:39:14.835,,D:/Simon/OneDrive - UGent/UGent-PC/Simon/Downloads/B2_7_A_novel.mov,921.367,30.0,redblue,Eating,,,POINT,207.733,207.733,NA,,
B3_1_GR_BY_control_SB,2024-08-01 14:28:45.569,,D:/Simon/OneDrive - UGent/UGent-PC/Simon/Downloads/B3_1_GR_BY_control.mp4,689.033,30.0,No focal subject,Zone of Interest,,,STATE,222.167,253.767,31.600,,
B4_5_A_novel,2024-08-01 17:30:36.732,,D:/Simon/OneDrive - UGent/UGent-PC/Simon/Downloads/B4_5_A_novel (1).mov,646.900,30.0,redblue,Zone of Interest,,,STATE,223.800,498.767,274.967,,
B4_6_BB_BP_novel_SB,2024-08-01 17:46:13.208,,D:/Simon/OneDrive - UGent/UGent-PC/Simon/Downloads/B4_6_BB_BP_novel (1).mp4,655.040,25.0,No focal subject,Zone of Interest,,,STATE,235.960,632.640,396.680,,
B5_8_A_novel_SB,2024-08-02 10:40:06.426,,D:/Simon/OneDrive - UGent/UGent-PC/Simon/Downloads/B5_8_A_novel (1).mp4,728.040,25.0,red,Zone of Interest,,,STATE,245.880,376.120,130.240,,
B7_2_B_novel_SB,2024-08-02 12:45:58.766,,D:/Simon/OneDrive - UGent/UGent-PC/Simon/Downloads/B7_2_B_novel (1).mov,691.583,24.0,red,Zone of Interest,,,STATE,249.458,280.708,31.250,,
B5_8_A_novel_SB,2024-08-02 10:40:06.426,,D:/Simon/OneDrive - UGent/UGent-PC/Simon/Downloads/B5_8_A_novel (1).mp4,728.040,25.0,redblack,Zone of Interest,,,STATE,309.760,366.240,56.480,,
B4_2_YY_BR_novel_SB,2024-08-01 17:24:58.900,,D:/Simon/OneDrive - UGent/UGent-PC/Simon/Downloads/B4_2_YY_BR_novel (1).mov,675.233,30.0,No focal subject,Zone of Interest,,,STATE,309.967,618.867,308.900,,
B5_8_A_novel_SB,2024-08-02 10:40:06.426,,D:/Simon/OneDrive - UGent/UGent-PC/Simon/Downloads/B5_8_A_novel (1).mp4,728.040,25.0,black,Zone of Interest,,,STATE,334.600,367.200,32.600,,
B7_8_B_control_SB,2024-08-03 16:39:30.305,,D:/Simon/OneDrive - UGent/UGent-PC/Simon/Downloads/B7_8_B_control (1).mov,661.033,30.0,redblue,Zone of Interest,,,STATE,335.167,479.200,144.033,,
B6_4_GG_BG_novel_SB,2024-08-02 13:26:37.753,,D:/Simon/OneDrive - UGent/UGent-PC/Simon/Downloads/B6_4_GG_BG_novel (1).mov,659.667,30.0,No focal subject,Zone of Interest,,,STATE,339.300,382.867,43.567,,
B7_8_B_control_SB,2024-08-03 16:39:30.305,,D:/Simon/OneDrive - UGent/UGent-PC/Simon/Downloads/B7_8_B_control (1).mov,661.033,30.0,red,Zone of Interest,,,STATE,343.700,494.700,151.000,,
B7_2_B_novel_SB,2024-08-02 12:45:58.766,,D:/Simon/OneDrive - UGent/UGent-PC/Simon/Downloads/B7_2_B_novel (1).mov,691.583,24.0,black,Zone of Interest,,,STATE,346.624,452.958,106.334,,
B7_8_B_control_SB,2024-08-03 16:39:30.305,,D:/Simon/OneDrive - UGent/UGent-PC/Simon/Downloads/B7_8_B_control (1).mov,661.033,30.0,blue,Zone of Interest,,,STATE,350.267,481.400,131.133,,
B7_2_B_novel_SB,2024-08-02 12:45:58.766,,D:/Simon/OneDrive - UGent/UGent-PC/Simon/Downloads/B7_2_B_novel (1).mov,691.583,24.0,red,Zone of Interest,,,STATE,352.499,418.791,66.292,,
B7_8_B_control_SB,2024-08-03 16:39:30.305,,D:/Simon/OneDrive - UGent/UGent-PC/Simon/Downloads/B7_8_B_control (1).mov,661.033,30.0,redblack,Zone of Interest,,,STATE,357.667,474.400,116.733,,
B5_8_A_novel_SB,2024-08-02 10:40:06.426,,D:/Simon/OneDrive - UGent/UGent-PC/Simon/Downloads/B5_8_A_novel (1).mp4,728.040,25.0,black,Zone of Interest,,,STATE,369.960,458.280,88.320,,
B9_7_PP_GP_control_SB,2024-08-02 11:37:55.907,,D:/Simon/OneDrive - UGent/UGent-PC/Simon/Downloads/B9_7_PP_GP_control.mp4,663.663,30.0,No focal subject,Zone of Interest,,,STATE,387.097,439.263,52.166,,
B7_2_B_novel_SB,2024-08-02 12:45:58.766,,D:/Simon/OneDrive - UGent/UGent-PC/Simon/Downloads/B7_2_B_novel (1).mov,691.583,24.0,blue,Zone of Interest,,,STATE,396.249,412.791,16.542,,
B7_4_B_control_SB,2024-08-02 14:40:34.108,,D:/Simon/OneDrive - UGent/UGent-PC/Simon/Downloads/B7_4_B_control.mov,679.800,30.0,red,Zone of Interest,,,STATE,406.166,425.899,19.733,,
B9_5_PP_GP_novel_SB,2024-08-03 19:13:23.127,,D:/Simon/OneDrive - UGent/UGent-PC/Simon/Downloads/B9_5_PP_GP_novel (1).mp4,719.536,30.0,No focal subject,Zone of Interest,,,STATE,409.437,444.203,34.766,,
B5_8_A_novel_SB,2024-08-02 10:40:06.426,,D:/Simon/OneDrive - UGent/UGent-PC/Simon/Downloads/B5_8_A_novel (1).mp4,728.040,25.0,redblack,Zone of Interest,,,STATE,418.280,478.000,59.720,,
B5_8_A_novel_SB,2024-08-02 10:40:06.426,,D:/Simon/OneDrive - UGent/UGent-PC/Simon/Downloads/B5_8_A_novel (1).mp4,728.040,25.0,red,Zone of Interest,,,STATE,420.640,618.200,197.560,,
B7_4_B_control_SB,2024-08-02 14:40:34.108,,D:/Simon/OneDrive - UGent/UGent-PC/Simon/Downloads/B7_4_B_control.mov,679.800,30.0,red,Zone of Interest,,,STATE,446.433,505.899,59.466,,
B5_8_A_novel_SB,2024-08-02 10:40:06.426,,D:/Simon/OneDrive - UGent/UGent-PC/Simon/Downloads/B5_8_A_novel (1).mp4,728.040,25.0,blue,Zone of Interest,,,STATE,454.520,548.120,93.600,,
B5_8_A_novel_SB,2024-08-02 10:40:06.426,,D:/Simon/OneDrive - UGent/UGent-PC/Simon/Downloads/B5_8_A_novel (1).mp4,728.040,25.0,blue,Eating,,,POINT,457.680,457.680,NA,,
B9_7_PP_GP_control_SB,2024-08-02 11:37:55.907,,D:/Simon/OneDrive - UGent/UGent-PC/Simon/Downloads/B9_7_PP_GP_control.mp4,663.663,30.0,No focal subject,Zone of Interest,,,STATE,458.563,476.997,18.434,,
B5_8_A_novel_SB,2024-08-02 10:40:06.426,,D:/Simon/OneDrive - UGent/UGent-PC/Simon/Downloads/B5_8_A_novel (1).mp4,728.040,25.0,black,Zone of Interest,,,STATE,465.000,486.880,21.880,,
B5_8_A_novel_SB,2024-08-02 10:40:06.426,,D:/Simon/OneDrive - UGent/UGent-PC/Simon/Downloads/B5_8_A_novel (1).mp4,728.040,25.0,redblue,Zone of Interest,,,STATE,482.440,483.520,1.080,,
B5_8_A_novel_SB,2024-08-02 10:40:06.426,,D:/Simon/OneDrive - UGent/UGent-PC/Simon/Downloads/B5_8_A_novel (1).mp4,728.040,25.0,redblue,Zone of Interest,,,STATE,483.920,519.520,35.600,,
B3_4_A_control_SB,2024-08-01 15:10:59.932,,D:/Simon/OneDrive - UGent/UGent-PC/Simon/Downloads/B3_4_A_control.mp4,685.030,30.0,blue,Zone of Interest,,,STATE,493.897,611.997,118.100,,
B6_1_B_control_SB,2024-08-02 11:21:45.698,,D:/Simon/OneDrive - UGent/UGent-PC/Simon/Downloads/B6_1_B_control (1).mp4,657.864,30.0,redblack,Zone of Interest,,,STATE,500.730,536.030,35.300,,
B7_1_BP_GG_control_SB,2024-08-02 12:31:09.690,,D:/Simon/OneDrive - UGent/UGent-PC/Simon/Downloads/B7_1_BP_GG_control (1).mp4,650.630,30.0,No focal subject,Zone of Interest,,,STATE,513.230,561.997,48.767,,
B9_7_PP_GP_control_SB,2024-08-02 11:37:55.907,,D:/Simon/OneDrive - UGent/UGent-PC/Simon/Downloads/B9_7_PP_GP_control.mp4,663.663,30.0,No focal subject,Zone of Interest,,,STATE,513.497,535.030,21.533,,
B2_7_A_novel_SB,2024-08-01 13:39:14.835,,D:/Simon/OneDrive - UGent/UGent-PC/Simon/Downloads/B2_7_A_novel.mov,921.367,30.0,blue,Zone of Interest,,,STATE,526.133,547.933,21.800,,
B4_8_GY_PP_control_SB,2024-08-01 18:04:34.713,,D:/Simon/OneDrive - UGent/UGent-PC/Simon/Downloads/B4_8_GY_PP_control (1).mp4,802.080,25.0,No focal subject,Zone of Interest,,,STATE,532.400,608.120,75.720,,
B5_8_A_novel_SB,2024-08-02 10:40:06.426,,D:/Simon/OneDrive - UGent/UGent-PC/Simon/Downloads/B5_8_A_novel (1).mp4,728.040,25.0,blue,Zone of Interest,,,STATE,551.720,576.200,24.480,,
B5_8_A_novel_SB,2024-08-02 10:40:06.426,,D:/Simon/OneDrive - UGent/UGent-PC/Simon/Downloads/B5_8_A_novel (1).mp4,728.040,25.0,redblue,Zone of Interest,,,STATE,577.520,618.200,40.680,,
B2_7_A_novel_SB,2024-08-01 13:39:14.835,,D:/Simon/OneDrive - UGent/UGent-PC/Simon/Downloads/B2_7_A_novel.mov,921.367,30.0,blue,Zone of Interest,,,STATE,578.833,677.433,98.600,,
B5_8_A_novel_SB,2024-08-02 10:40:06.426,,D:/Simon/OneDrive - UGent/UGent-PC/Simon/Downloads/B5_8_A_novel (1).mp4,728.040,25.0,blue,Zone of Interest,,,STATE,579.400,591.480,12.080,,
B7_3_BG_RR_novel_SB,2024-08-02 14:29:09.949,,D:/Simon/OneDrive - UGent/UGent-PC/Simon/Downloads/B7_3_BG_RR_novel (1).mov,711.100,30.0,No focal subject,Zone of Interest,,,STATE,585.099,609.999,24.900,,
B2_7_A_novel_SB,2024-08-01 13:39:14.835,,D:/Simon/OneDrive - UGent/UGent-PC/Simon/Downloads/B2_7_A_novel.mov,921.367,30.0,redblue,Zone of Interest,,,STATE,590.199,713.533,123.334,,
B9_5_PP_GP_novel_SB,2024-08-03 19:13:23.127,,D:/Simon/OneDrive - UGent/UGent-PC/Simon/Downloads/B9_5_PP_GP_novel (1).mp4,719.536,30.0,No focal subject,Zone of Interest,,,STATE,603.103,613.570,10.467,,
B8_2_PR_BP_novel_SB,2024-08-03 17:02:01.318,,D:/Simon/OneDrive - UGent/UGent-PC/Simon/Downloads/B8_2_PR_BP_novel.mp4,653.164,30.0,No focal subject,Trial end,,,POINT,609.697,609.697,NA,,
B6_3_B_novel_SB,2024-08-02 13:09:00.698,,D:/Simon/OneDrive - UGent/UGent-PC/Simon/Downloads/B6_3_B_novel (1).mov,702.033,30.0,No focal subject,Trial end,,,POINT,609.766,609.766,NA,,
B7_3_BG_RR_novel_SB,2024-08-02 14:29:09.949,,D:/Simon/OneDrive - UGent/UGent-PC/Simon/Downloads/B7_3_BG_RR_novel (1).mov,711.100,30.0,No focal subject,Trial end,,,POINT,609.999,609.999,NA,,
B8_8_BB_BB_control_SB,2024-08-03 18:06:46.493,,D:/Simon/OneDrive - UGent/UGent-PC/Simon/Downloads/B8_8_BB_BB_control.mp4,635.934,30.0,No focal subject,Trial end,,,POINT,610.533,610.533,NA,,
B4_2_PP_GY_novel_SB,2024-08-01 17:21:25.220,,D:/Simon/OneDrive - UGent/UGent-PC/Simon/Downloads/B4_2_PP_GY_novel (1).mov,816.200,30.0,No focal subject,Trial end,,,POINT,610.866,610.866,NA,,
B8_6_PY_GP_novel_SB,2024-08-03 18:01:26.563,,D:/Simon/OneDrive - UGent/UGent-PC/Simon/Downloads/B8_6_PY_GP_novel.mp4,637.334,30.0,No focal subject,Trial end,,,POINT,610.933,610.933,NA,,
B5_3_PR_GG_control_SB,2024-08-01 23:47:06.394,,D:/Simon/OneDrive - UGent/UGent-PC/Simon/Downloads/B5_3_PR_GG_control (1).mov,688.760,25.0,No focal subject,Trial end,,,POINT,611.080,611.080,NA,,
B4_8_GY_PP_control_SB,2024-08-01 18:04:34.713,,D:/Simon/OneDrive - UGent/UGent-PC/Simon/Downloads/B4_8_GY_PP_control (1).mp4,802.080,25.0,No focal subject,Trial end,,,POINT,611.200,611.200,NA,,
B5_5_PP_RY_novel_SB,2024-08-01 23:52:27.567,,D:/Simon/OneDrive - UGent/UGent-PC/Simon/Downloads/B5_5_PP_RY_novel (1).mov,645.433,30.0,No focal subject,Trial end,,,POINT,611.300,611.300,NA,,
B6_4_GG_BG_novel_SB,2024-08-02 13:26:37.753,,D:/Simon/OneDrive - UGent/UGent-PC/Simon/Downloads/B6_4_GG_BG_novel (1).mov,659.667,30.0,No focal subject,Trial end,,,POINT,611.600,611.600,NA,,
B8_6_BB_BB_novel_SB,2024-08-03 17:46:35.992,,D:/Simon/OneDrive - UGent/UGent-PC/Simon/Downloads/B8_6_BB_BB_novel.mp4,639.267,30.0,No focal subject,Trial end,,,POINT,611.733,611.733,NA,,
B7_2_B_novel_SB,2024-08-02 12:45:58.766,,D:/Simon/OneDrive - UGent/UGent-PC/Simon/Downloads/B7_2_B_novel (1).mov,691.583,24.0,No focal subject,Trial end,,,POINT,611.749,611.749,NA,,
B4_2_BB_GY_novel_SB,2024-08-01 16:55:33.327,,D:/Simon/OneDrive - UGent/UGent-PC/Simon/Downloads/B4_2_BB_GY_novel (1).mov,702.233,30.0,No focal subject,Trial end,,,POINT,611.833,611.833,NA,,
B3_4_A_control_SB,2024-08-01 15:10:59.932,,D:/Simon/OneDrive - UGent/UGent-PC/Simon/Downloads/B3_4_A_control.mp4,685.030,30.0,No focal subject,Trial end,,,POINT,611.997,611.997,NA,,
B9_3_PP_GP_control_SB,2024-08-03 19:05:02.367,,D:/Simon/OneDrive - UGent/UGent-PC/Simon/Downloads/B9_3_PP_GP_control (1).mp4,744.464,30.0,No focal subject,Trial end,,,POINT,612.230,612.230,NA,,
B5_5_RR_BY_novel_SB,2024-08-02 00:05:25.985,,D:/Simon/OneDrive - UGent/UGent-PC/Simon/Downloads/B5_5_RR_BY_novel (1).mov,643.600,30.0,No focal subject,Trial end,,,POINT,612.366,612.366,NA,,
B6_4_PY_BY_novel_SB,2024-08-02 13:33:45.170,,D:/Simon/OneDrive - UGent/UGent-PC/Simon/Downloads/B6_4_PY_BY_novel.mov,649.467,30.0,No focal subject,Trial end,,,POINT,612.799,612.799,NA,,
B7_4_B_control_SB,2024-08-02 14:40:34.108,,D:/Simon/OneDrive - UGent/UGent-PC/Simon/Downloads/B7_4_B_control.mov,679.800,30.0,No focal subject,Trial end,,,POINT,612.966,612.966,NA,,
B9_7_PP_GP_control_SB,2024-08-02 11:37:55.907,,D:/Simon/OneDrive - UGent/UGent-PC/Simon/Downloads/B9_7_PP_GP_control.mp4,663.663,30.0,No focal subject,Trial end,,,POINT,613.497,613.497,NA,,
B7_5_GG_BR_control_SB,2024-08-03 16:29:46.025,,D:/Simon/OneDrive - UGent/UGent-PC/Simon/Downloads/B7_5_GG_BR_control.mp4,645.040,25.0,No focal subject,Trial end,,,POINT,613.520,613.520,NA,,
B9_5_PP_GP_novel_SB,2024-08-03 19:13:23.127,,D:/Simon/OneDrive - UGent/UGent-PC/Simon/Downloads/B9_5_PP_GP_novel (1).mp4,719.536,30.0,No focal subject,Trial end,,,POINT,613.570,613.570,NA,,
B6_8_GY_BG_novel_SB,2024-08-02 14:21:23.182,,D:/Simon/OneDrive - UGent/UGent-PC/Simon/Downloads/B6_8_GY_BG_novel.mov,686.633,30.0,No focal subject,Trial end,,,POINT,613.700,613.700,NA,,
B7_8_B_control_SB,2024-08-03 16:39:30.305,,D:/Simon/OneDrive - UGent/UGent-PC/Simon/Downloads/B7_8_B_control (1).mov,661.033,30.0,No focal subject,Trial end,,,POINT,613.933,613.933,NA,,
B6_8_BY_PY_novel_SB,2024-08-02 14:13:11.538,,D:/Simon/OneDrive - UGent/UGent-PC/Simon/Downloads/B6_8_BY_PY_novel (1).mov,653.833,30.0,No focal subject,Trial end,,,POINT,614.133,614.133,NA,,
B5_7_BY_PR_control_SB,2024-08-02 00:13:15.004,,D:/Simon/OneDrive - UGent/UGent-PC/Simon/Downloads/B5_7_BY_PR_control (1).mp4,652.600,25.0,No focal subject,Trial end,,,POINT,614.160,614.160,NA,,
B3_5_BP_YY_control_SB,2024-08-01 16:07:03.872,,D:/Simon/OneDrive - UGent/UGent-PC/Simon/Downloads/B3_5_BP_YY_control.mov,716.700,30.0,No focal subject,Trial end,,,POINT,614.333,614.333,NA,,
B8_6_PY_BR_novel_SB,2024-08-03 17:56:08.353,,D:/Simon/OneDrive - UGent/UGent-PC/Simon/Downloads/B8_6_PY_BR_novel.mp4,647.534,30.0,No focal subject,Trial end,,,POINT,614.667,614.667,NA,,
B3_7_RY_GG_novel_SB,2024-08-01 16:11:10.363,,D:/Simon/OneDrive - UGent/UGent-PC/Simon/Downloads/B3_7_RY_GG_novel.mov,675.333,30.0,No focal subject,Trial end,,,POINT,614.700,614.700,NA,,
B4_1_B_novel_SB,2024-08-01 16:45:32.788,,D:/Simon/OneDrive - UGent/UGent-PC/Simon/Downloads/B4_1_B_novel.mp4,720.760,25.0,No focal subject,Trial end,,,POINT,615.240,615.240,NA,,
B9_5_BG_PR_novel_SB,2024-08-03 19:08:57.497,,D:/Simon/OneDrive - UGent/UGent-PC/Simon/Downloads/B9_5_BG_PR_novel.mp4,649.967,30.0,No focal subject,Trial end,,,POINT,615.300,615.300,NA,,
B9_1_GP_BB_novel_SB,2024-08-03 18:09:51.375,,D:/Simon/OneDrive - UGent/UGent-PC/Simon/Downloads/B9_1_GP_BB_novel (1).mp4,820.169,30.0,No focal subject,Trial end,,,POINT,615.337,615.337,NA,,
B6_6_GG_BG_control_SB,2024-08-02 13:46:35.612,,D:/Simon/OneDrive - UGent/UGent-PC/Simon/Downloads/B6_6_GG_BG_control (1).mp4,650.167,30.0,No focal subject,Trial end,,,POINT,615.500,615.500,NA,,
B9_7_GP_BB_control_SB,2024-08-02 12:26:34.087,,D:/Simon/OneDrive - UGent/UGent-PC/Simon/Downloads/B9_7_GP_BB_control.mp4,648.837,30.0,No focal subject,Trial end,,,POINT,616.070,616.070,NA,,
B6_1_B_control_SB,2024-08-02 11:21:45.698,,D:/Simon/OneDrive - UGent/UGent-PC/Simon/Downloads/B6_1_B_control (1).mp4,657.864,30.0,No focal subject,Trial end,,,POINT,616.497,616.497,NA,,
B7_1_BP_GG_control_SB,2024-08-02 12:31:09.690,,D:/Simon/OneDrive - UGent/UGent-PC/Simon/Downloads/B7_1_BP_GG_control (1).mp4,650.630,30.0,No focal subject,Trial end,,,POINT,616.530,616.530,NA,,
B5_5_RR_PP_novel_SB,2024-08-02 00:09:28.971,,D:/Simon/OneDrive - UGent/UGent-PC/Simon/Downloads/B5_5_RR_PP_novel (1).mov,669.300,30.0,No focal subject,Trial end,,,POINT,616.666,616.666,NA,,
B5_8_A_novel_SB,2024-08-02 10:40:06.426,,D:/Simon/OneDrive - UGent/UGent-PC/Simon/Downloads/B5_8_A_novel (1).mp4,728.040,25.0,No focal subject,Trial end,,,POINT,618.200,618.200,NA,,
B9_1_PP_GP_novel_SB,2024-08-03 18:14:38.925,,D:/Simon/OneDrive - UGent/UGent-PC/Simon/Downloads/B9_1_PP_GP_novel.mp4,679.669,30.0,No focal subject,Trial end,,,POINT,618.603,618.603,NA,,
B4_2_YY_BR_novel_SB,2024-08-01 17:24:58.900,,D:/Simon/OneDrive - UGent/UGent-PC/Simon/Downloads/B4_2_YY_BR_novel (1).mov,675.233,30.0,No focal subject,Trial end,,,POINT,618.867,618.867,NA,,
B5_7_PR_GG_control_SB,2024-08-02 10:31:30.941,,D:/Simon/OneDrive - UGent/UGent-PC/Simon/Downloads/B5_7_PR_GG_control (1).mp4,711.520,25.0,No focal subject,Trial end,,,POINT,620.400,620.400,NA,,
B7_7_BR_GR_novel_SB,2024-08-03 16:35:08.258,,D:/Simon/OneDrive - UGent/UGent-PC/Simon/Downloads/B7_7_BR_GR_novel (1).mov,654.840,25.0,No focal subject,Trial end,,,POINT,620.400,620.400,NA,,
B8_4_GG_GY_control_SB,2024-08-03 17:41:49.257,,D:/Simon/OneDrive - UGent/UGent-PC/Simon/Downloads/B8_4_GG_GY_control.mp4,662.069,30.0,No focal subject,Trial end,,,POINT,620.503,620.503,NA,,
B6_6_GY_BG_control_SB,2024-08-02 14:07:36.985,,D:/Simon/OneDrive - UGent/UGent-PC/Simon/Downloads/B6_6_GY_BG_control.mp4,662.267,30.0,No focal subject,Trial end,,,POINT,620.667,620.667,NA,,
B5_1_BY_PR_novel_SB,2024-08-01 18:18:09.137,,D:/Simon/OneDrive - UGent/UGent-PC/Simon/Downloads/B5_1_BY_PR_novel (1).mp4,664.120,25.0,No focal subject,Trial end,,,POINT,621.000,621.000,NA,,
B4_2_GP_BR_novel_SB,2024-08-01 17:16:47.962,,D:/Simon/OneDrive - UGent/UGent-PC/Simon/Downloads/B4_2_GP_BR_novel (1).mov,732.033,30.0,No focal subject,Trial end,,,POINT,621.466,621.466,NA,,
B7_1_GY_GP_control_SB,2024-08-02 12:41:20.930,,D:/Simon/OneDrive - UGent/UGent-PC/Simon/Downloads/B7_1_GY_GP_control (1).mp4,651.864,30.0,No focal subject,Trial end,,,POINT,621.730,621.730,NA,,
B5_7_PP_RY_control_SB,2024-08-02 09:58:49.755,,D:/Simon/OneDrive - UGent/UGent-PC/Simon/Downloads/B5_7_PP_RY_control (1).mp4,866.520,25.0,No focal subject,Trial end,,,POINT,622.000,622.000,NA,,
B5_3_BY_PR_control_SB,2024-08-01 23:40:54.735,,D:/Simon/OneDrive - UGent/UGent-PC/Simon/Downloads/B5_3_BY_PR_control.mov,654.200,25.0,No focal subject,Trial end,,,POINT,622.690,622.690,NA,,
B2_6_RY_RR_control_SB,2024-08-01 13:30:20.837,,D:/Simon/OneDrive - UGent/UGent-PC/Simon/Downloads/B2_6_RY_RR_control.mov,692.033,30.0,No focal subject,Trial end,,,POINT,623.933,623.933,NA,,
B2_8_PP_BB_novel_SB,2024-08-01 14:01:20.998,,D:/Simon/OneDrive - UGent/UGent-PC/Simon/Downloads/B2_8_PP_BB_novel.mov,707.367,30.0,No focal subject,Trial end,,,POINT,625.166,625.166,NA,,
B4_1_A_novel_SB,2024-08-01 16:35:36.655,,D:/Simon/OneDrive - UGent/UGent-PC/Simon/Downloads/B4_1_A_novel.mp4,747.440,25.0,No focal subject,Trial end,,,POINT,625.280,625.280,NA,,
B4_5_A_novel,2024-08-01 17:30:36.732,,D:/Simon/OneDrive - UGent/UGent-PC/Simon/Downloads/B4_5_A_novel (1).mov,646.900,30.0,No focal subject,Trial end,,,POINT,625.600,625.600,NA,,
B3_1_GR_GP_control_SB,2024-08-01 14:34:26.532,,D:/Simon/OneDrive - UGent/UGent-PC/Simon/Downloads/B3_1_GR_GP_control.mov,697.333,30.0,No focal subject,Trial end,,,POINT,626.266,626.266,NA,,
B5_1_PP_RY_novel_SB,2024-08-01 18:24:45.920,,D:/Simon/OneDrive - UGent/UGent-PC/Simon/Downloads/B5_1_PP_RY_novel (1).mp4,656.480,25.0,No focal subject,Trial end,,,POINT,628.880,628.880,NA,,
B5_3_BG_BP_control_SB,2024-08-01 18:09:56.189,,D:/Simon/OneDrive - UGent/UGent-PC/Simon/Downloads/B5_3_BG_BP_control (1).mov,716.320,25.0,No focal subject,Trial end,,,POINT,630.360,630.360,NA,,
B7_1_GG_BR_control_SB,2024-08-02 12:37:40.637,,D:/Simon/OneDrive - UGent/UGent-PC/Simon/Downloads/B7_1_GG_BR_control (1).mp4,660.636,30.0,No focal subject,Trial end,,,POINT,631.737,631.737,NA,,
B9_3_GP_BB_control_SB,2024-08-03 18:23:22.448,,D:/Simon/OneDrive - UGent/UGent-PC/Simon/Downloads/B9_3_GP_BB_control.mp4,685.133,30.0,No focal subject,Trial end,,,POINT,632.133,632.133,NA,,
B4_6_BB_BP_novel_SB,2024-08-01 17:46:13.208,,D:/Simon/OneDrive - UGent/UGent-PC/Simon/Downloads/B4_6_BB_BP_novel (1).mp4,655.040,25.0,No focal subject,Trial end,,,POINT,632.640,632.640,NA,,
B3_1_GR_BY_control_SB,2024-08-01 14:28:45.569,,D:/Simon/OneDrive - UGent/UGent-PC/Simon/Downloads/B3_1_GR_BY_control.mp4,689.033,30.0,No focal subject,Trial end,,,POINT,633.300,633.300,NA,,
B2_8_YY_PP_novel_SB,2024-08-01 14:24:05.953,,D:/Simon/OneDrive - UGent/UGent-PC/Simon/Downloads/B2_8_YY_PP_novel.mov,683.400,30.0,No focal subject,Trial end,,,POINT,636.033,636.033,NA,,
B3_3_PY_BP_novel_SB,2024-08-01 14:46:23.076,,D:/Simon/OneDrive - UGent/UGent-PC/Simon/Downloads/B3_3_PY_BP_novel.mp4,722.070,30.0,No focal subject,Trial end,,,POINT,636.803,636.803,NA,,
B2_4_GR_PP_novel_SB,2024-08-01 12:00:36.011,,D:/Simon/OneDrive - UGent/UGent-PC/Simon/Downloads/B2_4_GR_PP_novel.mp4,694.464,30.0,No focal subject,Trial end,,,POINT,644.063,644.063,NA,,
B3_3_BP_BP_novel_SB,2024-08-01 14:40:44.938,,D:/Simon/OneDrive - UGent/UGent-PC/Simon/Downloads/B3_3_BP_BP_novel.mp4,757.267,30.0,No focal subject,Trial end,,,POINT,645.667,645.667,NA,,
B2_7_A_novel_SB,2024-08-01 13:39:14.835,,D:/Simon/OneDrive - UGent/UGent-PC/Simon/Downloads/B2_7_A_novel.mov,921.367,30.0,black,Zone of Interest,,,STATE,684.199,710.099,25.900,,
B2_5_A_control_SB,2024-08-01 13:04:27.532,,D:/Simon/OneDrive - UGent/UGent-PC/Simon/Downloads/B2_5_A_control.mov,750.600,30.0,No focal subject,Trial end,,,POINT,688.767,688.767,NA,,
B2_7_A_novel_SB,2024-08-01 13:39:14.835,,D:/Simon/OneDrive - UGent/UGent-PC/Simon/Downloads/B2_7_A_novel.mov,921.367,30.0,blue,Zone of Interest,,,STATE,693.566,803.299,109.733,,
B2_7_A_novel_SB,2024-08-01 13:39:14.835,,D:/Simon/OneDrive - UGent/UGent-PC/Simon/Downloads/B2_7_A_novel.mov,921.367,30.0,No focal subject,Trial end,,,POINT,803.299,803.299,NA,,
